id,title
566525,Shang-Chi and the Legend of the Ten Rings
370172,No Time to Die
580489,Venom: Let There Be Carnage
522402,Finch
763164,Apex
744275,After We Fell
524434,Eternals
885110,Amina
438631,Dune
796499,Army of Thieves
618162,The Harder They Fall
550988,Free Guy
512195,Red Notice
585245,Clifford the Big Red Dog
775943,Tarumama
843241,The Seven Deadly Sins: Cursed by Light
714968,Plan A
335983,Venom
672582,The Deep House
574060,Gunpowder Milkshake
568620,Snake Eyes: G.I. Joe Origins
871964,Nobody Sleeps in the Woods Tonight 2
854442,Next-Door Nightmare
639721,The Addams Family 2
630004,The Vault
762469,Father Christmas Is Back
610253,Halloween Kills
768449,American Badger
634649,Spider-Man: No Way Home
635302,Demon Slayer -Kimetsu no Yaiba- The Movie: Mugen Train
508943,Luca
451048,Jungle Cruise
675319,Zone 414
459151,The Boss Baby: Family Business
589754,The Last Warrior: Root of Evil
703771,Deathstroke: Knights & Dragons - The Movie
436969,The Suicide Squad
849938,Framed by My Husband
645788,The Protégé
385128,F9
879163,Peçanha Contra o Animal
497698,Black Widow
760747,The Trip
846167,In for a Murder
820511,Ripper Untold
675445,PAW Patrol: The Movie
772436,Matando Cabos 2: La Máscara del Máscara
839436,Dragon Fury
337404,Cruella
379686,Space Jam: A New Legacy
760195,Separation
1930,The Amazing Spider-Man
859041,Crazy Fist
568124,Encanto
460465,Mortal Kombat
831405,Injustice
429617,Spider-Man: Far From Home
588228,The Tomorrow War
777620,Caged
681887,Cosmic Sin
774021,Demonic
864388,Mickey's Tale of Two Witches
637534,The Stronghold
791373,Zack Snyder's Justice League
874948,Grudge
315635,Spider-Man: Homecoming
581726,Infinite
637649,Wrath of Man
654974,Home Sweet Home Alone
726684,Miraculous World: Shanghai – The Legend of Ladydragon
524369,The Many Saints of Newark
864873,Hypnotic
852663,LEGO Monkie Kid: A Hero Is Born
812204,Rock Dog 2: Rock Around the Park
482373,Don't Breathe 2
631843,Old
685274,Mobile Suit Gundam Hathaway
525660,Dynasty Warriors
557,Spider-Man
662708,Pokémon the Movie: Secrets of the Jungle
706972,Narco Sub
399566,Godzilla vs. Kong
19995,Avatar
588921,Ainbo: Spirit of the Amazon
299536,Avengers: Infinity War
559,Spider-Man 3
882206,LOL Surprise: The Movie
613098,Undercover Wedding Crashers
891657,LEGO Hidden Side: Night of the Harbinger
453354,Ava
671,Harry Potter and the Philosopher's Stone
755812,"Miraculous World: New York, United HeroeZ"
592350,My Hero Academia: Heroes Rising
619297,Sweet Girl
613504,After We Collided
767304,Redemption Day
423108,The Conjuring: The Devil Made Me Do It
354912,Coco
669671,Night Teeth
529203,The Croods: A New Age
859860,Catch the Bullet
527774,Raya and the Last Dragon
102382,The Amazing Spider-Man 2
813258,Monster Pets: A Hotel Transylvania Short
825997,Rogue Hostage
595743,SAS: Red Notice
602223,The Forever Purge
672,Harry Potter and the Chamber of Secrets
503736,Army of the Dead
641501,How I Became a Superhero
848278,Jurassic Hunt
725273,Solitary
632357,The Unholy
809065,Flashback
840756,Lokillo
13811,Knowing
597316,My Little Pony: A New Generation
20982,Naruto Shippuden the Movie
747688,Yara
672322,Rurouni Kenshin: The Beginning
846214,"The Simpsons: The Good, the Bart, and the Loki"
741636,Bloodthirsty
573164,Eggs Run
522444,Black Water: Abyss
843906,Straight Outta Nowhere: Scooby-Doo! Meets Courage the Cowardly Dog
458576,Monster Hunter
674,Harry Potter and the Goblet of Fire
539885,Ava
317442,The Last: Naruto the Movie
464052,Wonder Woman 1984
529106,Major Grom: Plague Doctor
537915,After
550205,Wish Dragon
597891,Kate
876716,Ciao Alberto
673,Harry Potter and the Prisoner of Azkaban
861057,Swim
634528,The Marksman
299534,Avengers: Endgame
324857,Spider-Man: Into the Spider-Verse
729720,The Last Mercenary
12445,Harry Potter and the Deathly Hallows: Part 2
347201,Boruto: Naruto the Movie
587807,Tom & Jerry
193893,Let's Be Cops
12444,Harry Potter and the Deathly Hallows: Part 1
508442,Soul
520763,A Quiet Place Part II
375211,Marvel Knights: Eternals
800497,Werewolves Within
767,Harry Potter and the Half-Blood Prince
505262,My Hero Academia: Two Heroes
9769,Lolita
385687,Fast & Furious 10
617502,Jolt
24428,The Avengers
805411,Descendants: The Royal Wedding
675,Harry Potter and the Order of the Phoenix
719088,"Yes, No, or Maybe Half?"
482321,Ron's Gone Wrong
581644,The Misfits
619778,Malignant
585083,Hotel Transylvania: Transformania
839100,Bright: Samurai Soul
637693,Spirit Untamed
586047,Seobok
449406,Vivo
841755,Mortal Kombat Legends: Battle of the Realms
878962,Sharkdog’s Fintastic Halloween
400160,The SpongeBob Movie: Sponge on the Run
531219,Roald Dahl's The Witches
892342,Happiness Ever After
834404,Teen Titans Go! See Space Jam
768744,My Hero Academia: World Heroes' Mission
850818,"Barbie: Big City, Big Dreams"
8960,Hancock
581387,Ashfall
880009,Catalina la Catrina: especial Día de Muertos
425909,Ghostbusters: Afterlife
653740,Assassins
857702,LEGO Star Wars Terrifying Tales
604822,Vanguard
522478,Peter Rabbit 2: The Runaway
739990,Nightbooks
888910,Camp Confidential: America's Secret Nazis
25769,Carriers
303857,Dragon Ball Z: Resurrection 'F'
678580,El mesero
15092,Crank: High Voltage
785538,7 Prisoners
38234,Undisputed III: Redemption
680319,We Broke Up
866408,Mutation on Mars
638045,The Toll
826914,Muppets Haunted Mansion
159211,The Haunting of Helena
522241,The Courier
532067,KonoSuba: God's Blessing on this Wonderful World! Legend of Crimson
763873,Under Wraps
623135,Sinkhole
