adult,backdrop_path,genre_ids,movie_id,original_language,original_title,overview,popular,poster_path,upcoming,title,video,vote_average,vote_count
False,/cinER0ESG0eJ49kXlExM0MEWGxW.jpg,"[28, 12, 14]",566525,en,Shang-Chi and the Legend of the Ten Rings,Shang-Chi must confront the past he thought he left behind when he is drawn into the web of the mysterious Ten Rings organization.,8304.971,/1BIoJGKbXjdFDAqUEiA2VHqkK1Z.jpg,2021-09-01,Shang-Chi and the Legend of the Ten Rings,False,7.9,3094
False,/70nxSw3mFBsGmtkvcs91PbjerwD.jpg,"[878, 28, 12]",580489,en,Venom: Let There Be Carnage,"After finding a host body in investigative reporter Eddie Brock, the alien symbiote must face a new enemy, Carnage, the alter ego of serial killer Cletus Kasady.",4128.057,/rjkmN1dniUHVYAtwuV3Tji7FsDO.jpg,2021-09-30,Venom: Let There Be Carnage,False,6.8,1987
False,/zBkHCpLmHjW2uVURs5uZkaVmgKR.jpg,"[16, 35, 10751]",585245,en,Clifford the Big Red Dog,"As Emily struggles to fit in at home and at school, she discovers a small red puppy who is destined to become her best friend. When Clifford magically undergoes one heck of a growth spurt, becomes a gigantic dog and attracts the attention of a genetics company, Emily and her Uncle Casey have to fight the forces of greed as they go on the run across New York City. Along the way, Clifford affects the lives of everyone around him and teaches Emily and her uncle the true meaning of acceptance and unconditional love.",3260.135,/30ULVKdjBcQTsj2aOSThXXZNSxF.jpg,2021-11-10,Clifford the Big Red Dog,False,7.9,138
False,/eeijXm3553xvuFbkPFkDG6CLCbQ.jpg,"[878, 12]",438631,en,Dune,"Paul Atreides, a brilliant and gifted young man born into a great destiny beyond his understanding, must travel to the most dangerous planet in the universe to ensure the future of his family and his people. As malevolent forces explode into conflict over the planet's exclusive supply of the most precious resource in existence-a commodity capable of unlocking humanity's greatest potential-only those who can conquer their fear will survive.",1644.556,/d5NXSklXo0qyIYkgV94XAgMIckC.jpg,2021-09-15,Dune,False,8.0,4042
False,/8Y43POKjjKDGI9MH89NW0NAzzp8.jpg,"[35, 28, 12, 878]",550988,en,Free Guy,A bank teller called Guy realizes he is a background character in an open world video game called Free City that will soon go offline.,1422.561,/xmbU4JTUm8rsdtn7Y3Fcm30GpeT.jpg,2021-08-11,Free Guy,False,7.8,3710
False,/hugKriLPeBm3lErSCQiFOgQzpkC.jpg,"[28, 53, 80]",574060,en,Gunpowder Milkshake,"In her turbulent life as a professional assassin, Sam has no choice but to go rogue to save the life of an innocent 8-year-old girl in the middle of the gang war she has unleashed.",845.071,/5AaKulwpUtkscAokKWtLenGTfVS.jpg,2021-07-14,Gunpowder Milkshake,False,6.5,375
False,/c2cb0lLvbzvHlSUo35W8CfP0kYO.jpg,[53],714968,en,Plan A,"Germany 1945, Max, a Jewish Holocaust survivor, meets a radical group of Jewish resistance fighters, who, like him, lost all hope for their future after they were robbed of their existence and their entire families were killed by the Nazis. They dream of retaliation on an epic scale for the Jewish people. An eye for an eye, a tooth for a tooth. Max starts identifying with the group's monstrous plans...",800.261,/dfYOmisdbiVTXdcQji35pKywPFI.jpg,2021-08-16,Plan A,False,3.9,7
False,/7WJjFviFBffEJvkAms4uWwbcVUk.jpg,"[12, 14, 35, 28]",451048,en,Jungle Cruise,"Dr. Lily Houghton enlists the aid of wisecracking skipper Frank Wolff to take her down the Amazon in his dilapidated boat. Together, they search for an ancient tree that holds the power to heal – a discovery that will change the future of medicine.",672.641,/9dKCd55IuTT5QRs989m9Qlb7d2B.jpg,2021-07-28,Jungle Cruise,False,7.7,3306
False,/jlGmlFOcfo8n5tURmhC7YVd4Iyy.jpg,"[28, 12, 14, 35]",436969,en,The Suicide Squad,"Supervillains Harley Quinn, Bloodsport, Peacemaker and a collection of nutty cons at Belle Reve prison join the super-secret, super-shady Task Force X as they are dropped off at the remote, enemy-infused island of Corto Maltese.",655.649,/kb4s0ML0iVZlG6wAKbbs9NAm6X.jpg,2021-07-28,The Suicide Squad,False,7.8,4795
False,/5i3ghCXVLNhewrBjTesMgy4FHT7.jpg,"[12, 16, 35, 10751, 14, 10402]",568124,en,Encanto,"The tale of an extraordinary family, the Madrigals, who live hidden in the mountains of Colombia, in a magical house, in a vibrant town, in a wondrous, charmed place called an Encanto. The magic of the Encanto has blessed every child in the family with a unique gift from super strength to the power to heal—every child except one, Mirabel. But when she discovers that the magic surrounding the Encanto is in danger, Mirabel decides that she, the only ordinary Madrigal, might just be her exceptional family's last hope.",597.675,/4j0PNHkMr5ax3IA8tjtxcmPU3QT.jpg,2021-11-24,Encanto,False,6.0,2
False,/w2jm8I0K83aZzHcI4Acl8DtuXCt.jpg,"[16, 10751, 12, 35]",675445,en,PAW Patrol: The Movie,Ryder and the pups are called to Adventure City to stop Mayor Humdinger from turning the bustling metropolis into a state of chaos.,577.741,/ic0intvXZSfBlYPIvWXpU1ivUCO.jpg,2021-08-09,PAW Patrol: The Movie,False,7.7,678
False,/8s4h9friP6Ci3adRGahHARVd76E.jpg,"[16, 10751, 35, 878]",379686,en,Space Jam: A New Legacy,"When LeBron and his young son Dom are trapped in a digital space by a rogue A.I., LeBron must get them home safe by leading Bugs, Lola Bunny and the whole gang of notoriously undisciplined Looney Tunes to victory over the A.I.'s digitized champions on the court. It's Tunes versus Goons in the highest-stakes challenge of his life.",509.737,/5bFK5d3mVTAvBCXi5NPWH0tYjKl.jpg,2021-07-08,Space Jam: A New Legacy,False,7.3,2592
False,/7z5MJGJ9CObnu770ZubDQye7DKD.jpg,[27],760195,en,Separation,A young girl finds solace in her artist father and the ghost of her dead mother.,453.801,/lHbSC2Np17CRsRXIbaE0YY1Hora.jpg,2021-04-30,Separation,False,5.9,80
False,/qknLmBKDyjGMC40b7ZehqdfIi2A.jpg,"[35, 14]",425909,en,Ghostbusters: Afterlife,"When a single mom and her two kids arrive in a small town, they begin to discover their connection to the original Ghostbusters and the secret legacy their grandfather left behind.",428.352,/2gkoDo7SBHicakfQodHCaa8RG16.jpg,2021-11-11,Ghostbusters: Afterlife,False,7.6,40
False,/70AV2Xx5FQYj20labp0EGdbjI6E.jpg,"[28, 80, 53]",637649,en,Wrath of Man,"A cold and mysterious new security guard for a Los Angeles cash truck company surprises his co-workers when he unleashes precision skills during a heist. The crew is left wondering who he is and where he came from. Soon, the marksman's ultimate motive becomes clear as he takes dramatic and irrevocable steps to settle a score.",422.697,/M7SUK85sKjaStg4TKhlAVyGlz3.jpg,2021-04-22,Wrath of Man,False,7.8,2652
False,/fmIp40ev4VGquK2bMo52PQgaV2d.jpg,"[16, 10751, 12, 14, 35]",529203,en,The Croods: A New Age,"Searching for a safer habitat, the prehistoric Crood family discovers an idyllic, walled-in paradise that meets all of its needs. Unfortunately, they must also learn to live with the Bettermans -- a family that's a couple of steps above the Croods on the evolutionary ladder. As tensions between the new neighbors start to rise, a new threat soon propels both clans on an epic adventure that forces them to embrace their differences, draw strength from one another, and survive together.",402.549,/tbVZ3Sq88dZaCANlUcewQuHQOaE.jpg,2020-11-25,The Croods: A New Age,False,7.6,2635
False,/tFBVXnqmsmoSFR3rbltTfdGIMgV.jpg,"[27, 53]",774021,en,Demonic,A young woman unleashes terrifying demons when supernatural forces at the root of a decades-old rift between mother and daughter are ruthlessly revealed.,353.53,/pUK9duiCK1PKqWA5rRQ4XBMHITH.jpg,2021-07-29,Demonic,False,4.9,80
False,/uMPJwWDojedB36iowSl3HTLmTjW.jpg,"[16, 35, 10402, 10751]",812204,en,Rock Dog 2: Rock Around the Park,"When Bodi and his band 'True Blue' leave Snow Mountain, to tour with pop sensation, Lil' Foxy, they learn that fame comes at a price.",342.885,/kETYRGA15L0wkVPugSl8lKmSgFn.jpg,2021-06-24,Rock Dog 2: Rock Around the Park,False,7.6,33
False,/iTgM25ftE7YtFgZwUZupVp8A61S.jpg,"[53, 27]",631843,en,Old,A group of families on a tropical holiday discover that the secluded beach where they are staying is somehow causing them to age rapidly – reducing their entire lives into a single day.,334.406,/vclShucpUmPhdAOmKgf3B3Z4POD.jpg,2021-07-21,Old,False,6.7,1680
False,/tehpKMsls621GT9WUQie2Ft6LmP.jpg,"[27, 28, 53]",602223,en,The Forever Purge,All the rules are broken as a sect of lawless marauders decides that the annual Purge does not stop at daybreak and instead should never end as they chase a group of immigrants who they want to punish because of their harsh historical past.,286.28,/lB068qa6bQ0QKYKyC2xnYGvYjl7.jpg,2021-06-30,The Forever Purge,False,7.4,1419
False,/xDnFlNrNUoSKPq4uptnhYmUZNpm.jpg,"[27, 9648, 53]",619778,en,Malignant,"Madison is paralyzed by shocking visions of grisly murders, and her torment worsens as she discovers that these waking dreams are in fact terrifying realities with a mysterious tie to her past.",270.309,/dGv2BWjzwAz6LB8a8JeRIZL8hSz.jpg,2021-09-01,Malignant,False,7.0,1013
False,/jw6ASGRT2gi8EjCImpGtbiJ9NQ9.jpg,[27],632357,en,The Unholy,"Alice, a young hearing-impaired girl who, after a supposed visitation from the Virgin Mary, is inexplicably able to hear, speak and heal the sick. As word spreads and people from near and far flock to witness her miracles, a disgraced journalist hoping to revive his career visits the small New England town to investigate. When terrifying events begin to happen all around, he starts to question if these phenomena are the works of the Virgin Mary or something much more sinister.",258.833,/bShgiEQoPnWdw4LBrYT5u18JF34.jpg,2021-03-31,The Unholy,False,6.9,1421
False,/vqEjXzWdzPbV2DZ7bk29weDFiDl.jpg,"[16, 12, 10751, 37]",637693,en,Spirit Untamed,Lucky Prescott's life is changed forever when she moves from her home in the city to a small frontier town and befriends a wild mustang named Spirit.,218.156,/q4WaFHk9Vp1poc88X1szwFRtYc5.jpg,2021-05-20,Spirit Untamed,False,7.8,293
False,/7OcRErUXXdAVAHg6y5cjn56ivtu.jpg,"[27, 9648, 53]",576845,en,Last Night in Soho,"A young girl, passionate about fashion design, is mysteriously able to enter the 1960s where she encounters her idol, a dazzling wannabe singer. But 1960s London is not what it seems, and time seems to be falling apart with shady consequences.",178.531,/5iGVofFc0mCr8aJYsVICm42ThIu.jpg,2021-10-21,Last Night in Soho,False,7.5,310
False,/4dtbvoAaqiM3fVwzdffLxUdAiY6.jpg,"[10751, 35, 14]",8871,en,How the Grinch Stole Christmas,"Inside a snowflake exists the magical land of Whoville. In Whoville, live the Whos, an almost mutated sort of Munchkin-like people. All the Whos love Christmas, yet just outside of their beloved Whoville lives the Grinch. The Grinch is a nasty creature that hates Christmas, and plots to steal it away from the Whos, whom he equally abhors. Yet a small child, Cindy Lou Who, decides to try befriending the Grinch.",166.64,/1WZbbPApEivA421gCOluuzMMKCk.jpg,2000-11-17,How the Grinch Stole Christmas,False,6.7,5546
False,/5MlvT4DZIdkpb7A9t375HVoiJ1v.jpg,"[28, 12, 18, 53]",646207,en,The Ice Road,"After a remote diamond mine collapses in far northern Canada, an ice road driver must lead an impossible rescue mission over a frozen ocean to save the trapped miners.",168.062,/uZAcqLi2DnzaCfQfkUMnMSUFx8e.jpg,2021-06-24,The Ice Road,False,7.2,770
False,/vwpxy4kmQyW5aBJ3uxhQM6koU6H.jpg,"[10751, 16]",743439,en,PAW Patrol: Jet to the Rescue,"Get ready to zoom back to Barkingburg with the pups in this all-new TV movie! When the scheming DUKE of Flappington steals a powerful levitation gem from the royal castle, it’s up to the PAW Patrol to jet to the rescue before the town is lost forever! Then join the PAW Patrol in even more high-flying adventures where they will save a stunt pilot, one of Mayor Humdinger’s kittens, and even Skye when she breaks her wing flying to Jake’s Mountain!",136.444,/qHcn3PbjVHxBweDZxWpYH3JfugS.jpg,2020-09-10,PAW Patrol: Jet to the Rescue,False,7.0,118
False,/2NdMA6PbFMJEP5DmadfGPMECeQc.jpg,"[10751, 35, 16, 18, 10402]",438695,en,Sing 2,"Buster and his new cast now have their sights set on debuting a new show at the Crystal Tower Theater in glamorous Redshore City. But with no connections, he and his singers must sneak into the Crystal Entertainment offices, run by the ruthless wolf mogul Jimmy Crystal, where the gang pitches the ridiculous idea of casting the lion rock legend Clay Calloway in their show. Buster must embark on a quest to find the now-isolated Clay and persuade him to return to the stage.",129.298,/aWeKITRFbbwY8txG5uCj4rMCfSP.jpg,2021-12-02,Sing 2,False,0.0,0
False,/zaY1FoAc39lHWaA6jUF93t95D7O.jpg,"[27, 28, 878]",460458,en,Resident Evil: Welcome to Raccoon City,"Once the booming home of pharmaceutical giant Umbrella Corporation, Raccoon City is now a dying Midwestern town. The company’s exodus left the city a wasteland…with great evil brewing below the surface. When that evil is unleashed, the townspeople are forever…changed…and a small group of survivors must work together to uncover the truth behind Umbrella and make it through the night.",124.343,/bArhvjRHl535XMaSh9VjInF2mSZ.jpg,2021-11-24,Resident Evil: Welcome to Raccoon City,False,0.0,0
False,/4kb7uR1UmXa33U6GB6F9xckFlhn.jpg,[18],614917,en,King Richard,"The TRUE STORY of how Richard Williams served as a coach to his daughters Venus and Serena, who will soon become two of the most legendary tennis players in history.",120.933,/vjpMd1dsEsVBoUhq6iVHXwwFj9n.jpg,2021-11-18,King Richard,False,7.4,8
False,/al0aXl47cWkf4jnKuPiEZtjWT8j.jpg,"[12, 18, 14]",559907,en,The Green Knight,"An epic fantasy adventure based on the timeless Arthurian legend, The Green Knight tells the story of Sir Gawain, King Arthur's reckless and headstrong nephew, who embarks on a daring quest to confront the eponymous Green Knight, a gigantic emerald-skinned stranger and tester of men.",106.795,/if4hw3Ou5Sav9Em7WWHj66mnywp.jpg,2021-07-29,The Green Knight,False,6.7,546
False,/sNQWRiwOc1R261yg7XVXxq0b5F9.jpg,[16],812456,en,Barbie & Chelsea: The Lost Birthday,"Enjoy high-sea thrills as Barbie, Chelsea and the rest of the Roberts family set sail on an adventure cruise.  ""Barbie & Chelsea The Lost Birthday"" tells the story of Chelsea, Barbie’s precocious youngest sister, and the rest of the Roberts family as they set sail on an adventure cruise for her seventh birthday. When they cross the International Date Line, Chelsea discovers her actual birthday has been lost and she embarks on a fantastical journey through an enchanted jungle island in order to save it.",106.348,/yZdVDxLXbz4yucwMy1yTCGTYNVC.jpg,2021-05-14,Barbie & Chelsea: The Lost Birthday,False,7.2,58
False,/4BOgSGwEEHZuDhiHUOsrXaJBqoc.jpg,"[28, 18, 36]",617653,en,The Last Duel,King Charles VI declares that Knight Jean de Carrouges settle his dispute with his squire by challenging him to a duel.,101.949,/zjrJE0fpzPvX8saJXj8VNfcjBoU.jpg,2021-10-13,The Last Duel,False,7.6,415
False,/cbMQE5ymjorkyw1U8KUtTNacvA9.jpg,[18],659954,fr,Azor,"Yvan De Wiel, a private banker from Geneva, is going to an Argentina in the midst of a dictatorship to replace his partner, the object of the most worrying rumours, who disappeared overnight. Between hushed lounges, swimming pools and gardens under surveillance, a remote duel between two bankers who, despite different methods, are the accomplices of a discreet and merciless form of colonization.",93.65,/4Gra15Mqb6NvXbyYtL3hk79OQ1d.jpg,2021-09-10,Azor,False,5.6,7
False,/fNG7i7RqMErkcqhohV2a6cV1Ehy.jpg,"[28, 878]",603,en,The Matrix,"Set in the 22nd century, The Matrix tells the story of a computer hacker who joins a group of underground insurgents fighting the vast and powerful computers who now rule the earth.",80.045,/f89U3ADr1oiB1s9GkdPOEpXUk5H.jpg,1999-03-30,The Matrix,False,8.2,20233
False,/uWGPC7j70LE64nbetxQGSSYJO53.jpg,"[53, 10752, 878]",762433,en,Zeros and Ones,"Called to Rome to stop an imminent terrorist bombing, a soldier desperately seeks news of his imprisoned brother — a rebel with knowledge that could thwart the attack. Navigating the capital's darkened streets, he races to a series of ominous encounters to keep the Vatican from being blown to bits.",87.289,/a6balsDWCFMHPaPT6rFoBpNjR6z.jpg,2021-11-18,Zeros and Ones,False,6.0,3
False,/oAy3GHA5EkUojSBt2WfWrvUvzXE.jpg,"[18, 80, 53]",644495,en,House of Gucci,"When Patrizia Reggiani, an outsider from humble beginnings, marries into the Gucci family, her unbridled ambition begins to unravel the family legacy and triggers a reckless spiral of betrayal, decadence, revenge, and ultimately…murder.",82.62,/cy6fvTf9YqehVhReYnm5cc3GqhZ.jpg,2021-11-24,House of Gucci,False,2.0,1
False,/r0skmBUfu8c6eIpofjmYLyYhOT4.jpg,"[18, 36]",716594,en,No Man of God,The complicated relationship that formed between the FBI analyst Bill Hagmaier and serial killer Bundy during Bundy's final years on death row.,77.988,/jJzmSlNorOu6yvHSjXoF0bBcx17.jpg,2021-08-19,No Man of God,False,6.9,81
False,/zsmTFn1Y2ulNd2njTjDbIhYwmkx.jpg,"[18, 35, 10749]",542178,en,The French Dispatch,"The quirky staff of an American magazine based in 1970s France puts out its last issue, with stories featuring an artist sentenced to life imprisonment, student riots, and a kidnapping resolved by a chef.",77.979,/6JXR3KJH5roiBCjWFt09xfgxHZc.jpg,2021-10-21,The French Dispatch,False,7.4,467
False,/zEddiBK6yZNUGVnmBJzmnYcEWiR.jpg,"[18, 53, 27]",630240,fr,Titane,"A woman with a metal plate in her head from a childhood car accident embarks on a bizarre journey, bringing her into contact with a firefighter who's reunited with his missing son after 10 years.",74.959,/lubDkWllPr0Susbv0K4oMGuOiLg.jpg,2021-07-14,Titane,False,6.7,338
False,/ckCrunvxJ1SqL1w4goJGGGZ5PGP.jpg,"[18, 80, 53]",616651,en,Stillwater,"Bill Baker, an American oil-rig roughneck from Oklahoma, travels to Marseille to visit his estranged daughter, Allison, who is in prison for a murder she claims she did not commit. Confronted with language barriers, cultural differences, and a complicated legal system, Bill builds a new life for himself in France as he makes it his personal mission to exonerate his daughter.",73.926,/cPdmPwcIcmu0ugfKcdFtI3vmOJq.jpg,2021-07-29,Stillwater,False,7.0,362
False,/npEUveGYH2H7VTlM8k6xH6Jcvqr.jpg,"[18, 36]",684281,en,Adventures of a Mathematician,"The warmhearted story of Polish immigrant and mathematician Stan Ulam, who moved to the U.S. in the 1930s. Stan deals with the difficult losses of family and friends all while helping to create the hydrogen bomb and the first computer.",69.936,/j2QwbzBQNEw0Wx8ijiCqDZv3TVP.jpg,2021-06-11,Adventures of a Mathematician,False,6.5,13
False,/abG9ldrNqSEoguBsi9hmnjusJ0.jpg,"[35, 18, 878]",646380,en,Don't Look Up,"Two low-level astronomers, upon discovering that a meteor will strike the Earth in six months, go on a media tour to try to warn the world but find an unreceptive and unbelieving populace.",68.206,/5SkzM3TPpt72FoO46NSjipNXkNG.jpg,2021-12-10,Don't Look Up,False,0.0,0
False,/8yhWlFcJ8zCqjfCvLy3lWFuawR1.jpg,[878],579047,en,Reminiscence,"Nicolas Bannister, a rugged and solitary veteran living in a near-future Miami flooded by rising seas, is an expert in a dangerous occupation: he offers clients the chance to relive any memory they desire. His life changes when he meets a mysterious young woman named Mae. What begins as a simple matter of lost and found becomes a passionate love affair. But when a different client's memories implicate Mae in a series of violent crimes, Bannister must delve through the dark world of the past to uncover the truth about the woman he fell for.",67.005,/17siH6wJRQ2jZiqz9BWUhy1UtZ.jpg,2021-08-19,Reminiscence,False,7.1,868
False,/g6wufgtycJCP508tlC3crSYFCgC.jpg,"[37, 18]",749274,en,Cry Macho,"Mike Milo, a one-time rodeo star and washed-up horse breeder, takes a job from an ex-boss to bring the man's young son home from Mexico.",64.973,/wqaaWAlXgLNGdAemU7wNvFZ70hr.jpg,2021-09-16,Cry Macho,False,6.5,289
False,/b2L7jOgo5cHiRIvljD2GCqZiYO2.jpg,"[18, 36, 10749]",454527,fr,Benedetta,"In the late 17th century, with plague ravaging the land, Benedetta Carlini joins the convent in Pescia, Tuscany, as a novice. Capable from an early age of performing miracles, Benedetta’s impact on life in the community is immediate and momentous.",62.753,/7eJfB8ZwnspJV4IwREbRrfiyVag.jpg,2021-07-09,Benedetta,False,6.7,144
False,/2nJJxHjBTDVDIbpHylCsDVQ3alG.jpg,[18],716612,en,Spencer,"During her Christmas holidays with the royal family at the Sandringham estate in Norfolk, England, Diana decides to leave her marriage to Prince Charles.",56.966,/7GcqdBKaMM9BWXWN07BirBMkcBF.jpg,2021-11-05,Spencer,False,7.1,33
False,/rRDKHXSEp6G252FEl0KzGuc2DrO.jpg,"[35, 18]",557950,en,Mainstream,A young woman finds a path to internet stardom when she starts making videos with a charismatic stranger.,54.9,/sVYgFC6z0RZJrgUpve4XlyrVrgr.jpg,2021-05-07,Mainstream,False,5.0,26
False,/2dWWf6qjVU0TklCUKCUra1Yqfz3.jpg,[18],618416,en,Penguin Bloom,"When an unlikely ally enters the Bloom family's world in the form of an injured baby magpie they name Penguin, the bird’s arrival makes a profound difference in the struggling family’s life.",43.815,/iUn7594Rwfstu5njA8hf9WQIcFi.jpg,2021-01-21,Penguin Bloom,False,7.1,144
False,/hDwKDrTDzRqdMPCkx4i5Wxss3bc.jpg,"[37, 10749, 18]",600583,en,The Power of the Dog,"A domineering, magnetic rancher responds with mocking cruelty when his brother brings home a new wife and her son, until the unexpected comes to pass.",42.251,/kEy48iCzGnp0ao1cZbNeWR6yIhC.jpg,2021-11-17,The Power of the Dog,False,7.8,5
False,/jOWgFmD1H5t6nL7ChbmX8oDFUZl.jpg,"[10749, 35]",520172,en,Happiest Season,A young woman's plans to propose to her girlfriend while at her family's annual holiday party are upended when she discovers her partner hasn't yet come out to her conservative parents.,37.686,/vzec9kkOSE93tygyfOktedkeOQ.jpg,2020-11-26,Happiest Season,False,7.5,670
False,/qbQ219gsHpdx33WSfdCgG9I2Xg5.jpg,"[27, 53, 9648]",547565,en,The Night House,"Reeling from the unexpected death of her husband, Beth is left alone in the lakeside home he built for her. Soon she begins to uncover her recently deceased husband's disturbing secrets.",37.335,/rqs2CXpc4d5FzeP1EZCYItAVo81.jpg,2021-07-15,The Night House,False,6.7,317
False,/dTz73H7EYMzIh9SAcJZRgRlss6U.jpg,[18],632617,en,C'mon C'mon,"A documentary filmmaker whose latest project involves gifted children bonds with his smart-yet-sensitive nephew, whose father struggles with bipolar disorder and is in the grips of a manic episode.",36.064,/hROb7nFIM3cnk28J0jk4rFBXGQ9.jpg,2021-11-19,C'mon C'mon,False,10.0,1
False,/qKVOTKPPtvoXd75L1HOSBPLtKWS.jpg,"[16, 28, 14, 878]",761898,ja,劇場版 ソードアート・オンライン プログレッシブ 星なき夜のアリア,"One month after Kayaba Akihiko's game of death began, the death toll continues to rise, two thousand players having already lost their lives to the ultra-difficult VRMMO world of Sword Art Online. On the day of the strategy meeting to plan out the first-floor boss battle, Kirito, a solo player who vows to fight alone to get stronger, runs into a rare, high-level female player. She gracefully dispatches powerful monsters with a single rapier that flashes like a shooting star in the night...",35.612,/ndTpuCStuEcCNNznnTwyGXJRvBn.jpg,2021-10-30,Sword Art Online the Movie -Progressive- Aria of a Starless Night,False,9.0,3
False,/l1P5JbizBI1XxzeNCrwOCQUHAI5.jpg,[18],575813,zh,少年的你,"A bullied teenage girl forms an unlikely friendship with a mysterious young man who protects her from her assailants, while she copes with the pressures of her final examinations.",35.306,/csVZ2ZQCj98XdZoCuW1aixMYJ0W.jpg,2019-10-25,Better Days,False,8.4,193
False,/1yqVaDR7uIA3Xx9GQIhbEbh5pEe.jpg,"[9648, 53, 80, 35, 18]",571648,ko,지푸라기라도 잡고 싶은 짐승들,"The destinies of hard-luck lowlifes slowly converge and come crashing down: Jung-man barely gets by working at a sauna and taking care of his sick mother until he finds a bag full of cash in the locker room; Tae-young is in trouble after his girlfriend runs away with the money he borrowed from a loan shark. Soon, a dead body mysteriously turns up; Mi-ran, caught between her husband’s violence and a dead-end job as a bar hostess, she finds a young lover, Jin-tae who offers to kill her husband… And now their dog-eat-dog game starts.",35.074,/lO4hjVBxrVtMmupGraIR3c7Jq1Q.jpg,2020-02-19,Beasts Clawing at Straws,False,7.2,124
False,/ngT5lZ37bvryz5popo1IDOh03WL.jpg,"[18, 53]",635731,en,Pig,A truffle hunter who lives alone in the Oregon wilderness must visit Portland to find the mysterious person who stole his beloved foraging pig.,34.536,/1InMm4Mbjx8wCKvIy5gglo5i3HN.jpg,2021-07-16,Pig,False,6.7,365
False,/iehlEYH2bl2JPI5cz9oDKfQFOpC.jpg,[18],645886,en,The Unforgivable,"Released from prison into a society that won't forgive her past, a woman seeks redemption by searching for the sister she left behind.",34.099,/o1oIxdpevIdio3t4sskNVfp5HZ9.jpg,2021-11-24,The Unforgivable,False,0.0,0
False,/q8iOIJLvIcz5x38RrLudHQI5644.jpg,"[28, 53, 80]",738652,en,Copshop,"On the run from a lethal assassin, a wily con artist devises a scheme to hide out inside a small-town police station. However, when the hit man turns up at the precinct, an unsuspecting rookie cop finds herself caught in the crosshairs.",32.002,/szArp3dQlVajpsqpyPFVAFHFsa3.jpg,2021-09-09,Copshop,False,6.3,114
False,,[99],788396,en,The Real Charlie Chaplin,A look at the life and work of Charlie Chaplin in his own words featuring an in-depth interview he gave to Life magazine in 1966.,31.507,/4TeJ08Csymnd257KrgS0nyxVBEy.jpg,2021-11-19,The Real Charlie Chaplin,False,0.0,0
False,/m0ppE0yXQeFWzlwLdDUFRfanp9R.jpg,"[10402, 18, 36]",592863,en,Respect,The rise of Aretha Franklin’s career from a child singing in her father’s church’s choir to her international superstardom.,31.504,/iUtPwOBZJc8uJnDqlCXTibdgxKz.jpg,2021-08-12,Respect,False,6.8,112
False,/yuxdzbQHEecWGOvaXeEYVtIyAfn.jpg,"[878, 27]",515454,en,Come True,"Looking for an escape from her recurring nightmares, 18-year-old Sarah submits to a university sleep study, but soon realizes she's become the conduit to a frightening new discovery.",30.23,/hGPGRRz6FTIRed1zestdWrV2Iwd.jpg,2020-09-24,Come True,False,5.9,112
False,/lbU0I0YWSgSm0GuMZbSvHmxO8gy.jpg,"[18, 27, 9648]",788929,is,Dýrið,"An Icelandic couple live with their herd of sheep on a beautiful but remote farm. When they discover a mysterious newborn on their land, they decide to keep it and raise it as their own. This unexpected development and the prospects of a new family brings them much joy before ultimately destroying them.",28.972,/gP9yviboTGWGolqUZKIB1UkF1C2.jpg,2021-08-12,Lamb,False,6.7,137
False,,"[10752, 18, 28, 12]",889227,zh,铁道英雄,Coming Soon,28.511,/zbukkTIIimIBIyB8zzsONJLOk6s.jpg,2021-11-19,Railway Heroes,False,5.5,2
False,/m7fSEjYAB46U9p4xYQ02JF0znKO.jpg,"[10749, 18]",653670,en,Luxor,"When British aid worker Hana returns to Luxor, a sleepy city on the banks of the Nile, she comes across Sultan, a talented archeologist and former lover. As she wanders, haunted by the familiar place, she struggles to reconcile the choices of the past with the uncertainty of the present.",28.106,/cCsC9M49KB2x7VtcO7hK8UlXeCo.jpg,2021-07-21,Luxor,False,7.4,6
False,/jZUE40mbdOWxaynVwfAj8rHGaVO.jpg,[18],777270,en,Belfast,"Buddy is a young boy on the cusp of adolescence, whose life is filled with familial love, childhood hijinks, and a blossoming romance. Yet, with his beloved hometown caught up in increasing turmoil, his family faces a momentous choice: hope the conflict will pass or leave everything they know behind for a new life.",27.0,/dRjbdzmiypTGDktRCfcMsjqqGud.jpg,2021-11-11,Belfast,False,6.1,8
False,/r7dJqfmspzVlHYWXBiKn7NP8ZBw.jpg,"[18, 53, 80]",643532,en,The Card Counter,"William Tell just wants to play cards. His spartan existence on the casino trail is shattered when he is approached by Cirk, a vulnerable and angry young man seeking help to execute his plan for revenge on a military colonel. Tell sees a chance at redemption through his relationship with Cirk. But keeping Cirk on the straight-and-narrow proves impossible, dragging Tell back into the darkness of his past.",26.599,/y5DNLVg0gPiGSkuK4yFc4fjQ42Q.jpg,2021-09-03,The Card Counter,False,6.5,211
False,/nvrwfrahn7A7Xbe6EpmKkgLAhBL.jpg,"[12, 14]",576784,ru,Конёк-горбунок,"Romantic John the Fool and his friend Foal set out on a series of unpredictable adventures in different magical worlds. The two buddies will have to outsmart an evil tyrant king, catch the firebird, and find John’s true love.",26.089,/eF66ncsrVgVX0Js5xGezRCapTjD.jpg,2021-02-18,Upon the Magic Roads,False,6.4,17
False,/gYDASy7vz8eg0zcHyYevpkhwWGG.jpg,[18],567690,en,Dear Evan Hansen,"Evan Hansen, a high schooler with social anxiety, unintentionally gets caught up in a lie after the family of a classmate who committed suicide mistakes one of Hansen’s letters for their son’s suicide note.",25.988,/83pobg0tx4r4JeLenCAemanpnS2.jpg,2021-09-24,Dear Evan Hansen,False,6.7,65
False,/cDVWsqsnGwIUqOSzAuDS0PIhNdW.jpg,"[18, 10749, 10402]",424277,en,Annette,"The story of Henry, a stand-up comedian with a fierce sense of humour and Ann, a singer of international renown. In the spotlight, they are the perfect couple, healthy, happy, and glamourous. The birth of their first child, Annette, a mysterious girl with an exceptional destiny, will change their lives.",25.865,/4FTnypxpGltJdIARrfFsP31pGTp.jpg,2021-07-06,Annette,False,7.0,241
False,/ct1bWWE03L1AbLO7HMW6P163g4j.jpg,"[28, 27, 53]",14863,en,Anaconda 3: Offspring,"Cancer-terminal tycoon Peter Murdoch's secret Wexel Hall Pharmaceuticals lab has developed a blood orchid extract cure. To examine why it works optimally in snakes, they also bread a super-anaconda strain. But the original pair escapes, leaving a bloody trail of corpses. Murdoch runs, instructing his staff to clean up. They keep failing and being eaten like unsuspecting locals, some alive, even after enlisting ruthless big game hunter Hammett. The fast-growing pregnant monster sheds its skin, thus disabling the only tracking device.",22.985,/ce2z5H6gS6mc54kpnFj9G0xjH4G.jpg,2008-01-01,Anaconda 3: Offspring,False,4.8,211
False,,"[28, 27]",892113,en,Death Valley,"Mercenaries with nothing to lose are hired to rescue a bioengineer imprisoned in a cold war bunker. Upon entering the ominous facility, they find themselves in a fight for their lives when they come under attack from an unknown and deadly creature.",24.806,/oHKXE2ttdgNih8lQJygQZ7gNAW8.jpg,2021-11-18,Death Valley,False,2.0,1
False,/rInMNJipAil3iIcBltPiGRkNAG7.jpg,"[27, 53]",672741,en,Till Death,"After a romantic evening at their secluded lake house, a woman wakes up handcuffed to her dead husband. Trapped and isolated in the dead of winter, she must fight off hired killers to escape her late spouse's twisted plan.",22.94,/bvwMvrX2XqZVOz35YuYbFx3Iggr.jpg,2021-07-02,Till Death,False,6.7,244
False,/znpokr30qWVJztgO3t98PVyFLdC.jpg,"[18, 36]",617762,en,The Electrical Life of Louis Wain,"The extraordinary true story of eccentric British artist Louis Wain, whose playful, sometimes even psychedelic pictures helped to transform the public's perception of cats forever.",22.831,/u1KQ8ZDvdmetAKlsCbglKhKn5Qp.jpg,2021-10-21,The Electrical Life of Louis Wain,False,7.0,43
False,/ne4QPHn56Z1vxk6iKJKvDnmNI9Y.jpg,"[80, 28, 18, 53]",611914,en,The Courier,"This intense action-thriller unfolds in real time as two embattled souls fight for their lives. Gary Oldman stars as a vicious crime boss out to kill Nick, the lone witness set to testify against him. He hires a mysterious female motorcycle courier to unknowingly deliver a poison-gas bomb to slay Nick, but after she rescues Nick from certain death, the duo must confront an army of ruthless hired killers in order to survive the night.",21.767,/cmC7bJZ5sCzx9ZsrlXOrYJfYtLc.jpg,2019-11-22,The Courier,False,6.2,414
False,/e9GbzPawXDFvLwSseCXpHkbCyAP.jpg,"[18, 80]",627,en,Trainspotting,"Heroin addict Mark Renton stumbles through bad ideas and sobriety attempts with his unreliable friends -- Sick Boy, Begbie, Spud and Tommy. He also has an underage girlfriend, Diane, along for the ride. After cleaning up and moving from Edinburgh to London, Mark finds he can't escape the life he left behind when Begbie shows up at his front door on the lam, and a scheming Sick Boy follows.",16.581,/6UTzw3kipgTYAJCX8GExoXzcVOx.jpg,1996-02-23,Trainspotting,False,8.0,7783
False,/ckfwfLkl0CkafTasoRw5FILhZAS.jpg,"[28, 35, 14]",602211,en,Fatman,"A rowdy, unorthodox Santa Claus is fighting to save his declining business. Meanwhile, Billy, a neglected and precocious 12 year old, hires a hit man to kill Santa after receiving a lump of coal in his stocking.",18.44,/4n8QNNdk4BOX9Dslfbz5Dy6j1HK.jpg,2020-10-19,Fatman,False,5.5,476
False,/3nUsMuAknJQFIGERcah9Eh443AF.jpg,"[12, 10751, 14]",615666,en,A Boy Called Christmas,"An ordinary young boy called Nikolas sets out on an extraordinary adventure into the snowy north in search of his father who is on a quest to discover the fabled village of the elves, Elfhelm. Taking with him a headstrong reindeer called Blitzen and a loyal pet mouse, Nikolas soon meets his destiny in this magical and endearing story that proves nothing is impossible…",18.24,/1sRejtiHOZGggZd9RcmdqbapLM5.jpg,2021-11-25,A Boy Called Christmas,False,0.0,0
False,/t3vYOq09cLngAedVKn3Bbo6WMlR.jpg,[27],660001,en,Dead & Beautiful,"A group of young and spoiled rich kids turn into vampires after a night out, changing the course of their lives and driving a wedge between them all.",18.022,/ra8ig6j5zwfJiTDCrhtSqxjPRYM.jpg,2021-12-03,Dead & Beautiful,False,0.0,0
False,/AjykZQ9ncgyJoHpMTquDRUAv5VO.jpg,[18],592695,en,Pleasure,20-year-old Bella Cherry leaves her small town in Sweden for Los Angeles with the aim to become the world's next big porn star but the road to her goal turns out to be bumpier than she imagined.,17.988,/z3tgSCR2J7dNOq3Dz3WidOPoqnY.jpg,2021-10-08,Pleasure,False,6.4,19
False,/wG0GWASjQ9FnTOVZXzEu7T8plu9.jpg,"[16, 18]",13398,ja,東京ゴッドファーザーズ,"During a Christmas Eve in Tokyo, three homeless people, middle-aged alcoholic Gin, former drag queen Hana, and dependent runaway girl Miyuki, discover an abandoned newborn while looking through the garbage. With only a handful of clues to the baby's identity, the three misfits search the city to find its parents.",14.376,/ukhvxpVcBsb1MpRRwiqEIwyKdUX.jpg,2003-12-29,Tokyo Godfathers,False,7.9,671
False,/dmZfiaSvBoCMTdyUsEqGql4yqul.jpg,"[16, 18, 10749]",652837,ja,ジョゼと虎と魚たち,"With dreams of diving abroad, Tsuneo gets a job assisting Josee, an artist whose imagination takes her far beyond her wheelchair. But when the tide turns against them, they push each other to places they never thought possible, and inspire a love fit for a storybook.",17.746,/z1D8xi9x4uEhyFruo7uEHXUMD4K.jpg,2020-12-25,"Josee, the Tiger and the Fish",False,8.7,136
False,/65PhX3t6AzriE1az4Gp9ZWM2fal.jpg,"[18, 10749]",713,en,The Piano,"After a long voyage from Scotland, pianist Ada McGrath and her young daughter, Flora, are left with all their belongings, including a piano, on a New Zealand beach. Ada, who has been mute since childhood, has been sold into marriage to a local man named Alisdair Stewart. Making little attempt to warm up to Alisdair, Ada soon becomes intrigued by his Maori-friendly acquaintance, George Baines, leading to tense, life-altering conflicts.",13.006,/rx8RKXn8OtuS6lqloYsjyrGOUp4.jpg,1993-05-19,The Piano,False,7.4,1014
False,/eMouKWkSQ8Un4k4W7fFeWS0i1OH.jpg,[18],644089,en,Blue Bayou,"As a Korean-American man raised in the Louisiana bayou works hard to make a life for his family, he must confront the ghosts of his past as he discovers that he could be deported from the only country he has ever called home.",16.576,/a4xykTie8BOSW0y6K5u1AcmW4HW.jpg,2021-09-10,Blue Bayou,False,7.3,27
False,/qyCFlYcxdgU4Dodfw4QWtK59Trk.jpg,[18],619594,en,My Salinger Year,"A college grad takes a clerical job working for the literary agent of the renowned, reclusive writer J.D. Salinger.",16.311,/dC4IBKaCLFwnQlGmsYT8mr0Sp4n.jpg,2021-01-14,My Salinger Year,False,6.3,58
False,/co1ItuquxZjxLqbjjCLwK9ADkS.jpg,[35],505436,fr,Qu'est-ce qu'on a encore fait au Bon Dieu ?,"Claude and Marie Verneuil face a new crisis. The four spouses of their daughters, David, Rachid, Chao and Charles decided to leave France for various reasons. Here they are imagining their lives elsewhere.",16.066,/kbLoWIpeZ7FthyP6diSdsDGpzr8.jpg,2019-01-30,Serial (Bad) Weddings 2,False,5.9,1011
False,/fDqNxiFdVZv1zSdhdjdAqK1rO7v.jpg,"[28, 18, 53, 10749]",10413,en,Nowhere to Run,Escaped convict Sam Gillen single-handedly takes on ruthless developers who are determined to evict a widow with two young children.,14.159,/c8ADJ1emBBokgXkzmPCl5mIZBKy.jpg,1993-01-15,Nowhere to Run,False,6.3,474
False,/3xTWG4j9GSUKgkcSR4GeCkd103p.jpg,"[9648, 80, 18]",597208,en,Nightmare Alley,An ambitious young carny with a talent for manipulating people with a few well-chosen words hooks up with a female psychiatrist who is even more dangerous than he is.,15.847,/cPNehMX9hRzm2GvfsajNr4VPXHc.jpg,2021-12-02,Nightmare Alley,False,0.0,0
False,/tTcDNgjfDFMJJyc5wJUPMuUpkkk.jpg,[878],795778,en,Night Raiders,"The year is 2043. A military occupation controls disenfranchised cities in post-war North America. Children are property of the State. A desperate Cree woman joins an underground band of vigilantes to infiltrate a State children’s academy and get her daughter back. Night Raiders is a female-driven dystopian drama about resilience, courage and love.",15.723,/qOGDC4qbQmdxT6RG4iiD23ZIHhn.jpg,2021-10-08,Night Raiders,False,7.0,6
False,/fektRQU2rpCpiR9Ixa0B6eMA2ME.jpg,"[18, 53]",594691,fr,Amants,"Set in Paris the story follows Lisa, who, while on vacation with her husband, rekindles a passionate affair with her ex-boyfriend. But that may lead to a murder.",14.752,/qfR0MzhqBW1wIAo3Hzo2MgmAfyG.jpg,2021-11-17,Lovers,False,5.3,5
False,/srDyClcl2J0L3ZP9tpahwoTcNxj.jpg,"[28, 53, 80]",787310,en,Survive the Game,"When cop David is injured in a drug bust gone wrong, his partner Cal chases the two criminals who shot him. They all land at a remote farm owned by troubled vet Eric, and as Cal and Eric plot their defense, more of the gang arrives - along with a wounded David. Outnumbered, the three heroes must use stealth, smarts, and good shooting to take down the drug-dealing mob.",13.936,/xF1uc2pEf34X2G41wvZaF5H0V7C.jpg,2021-10-08,Survive the Game,False,6.1,46
False,/9OE62lhp5FPNJMfKXodegVLjHUA.jpg,"[16, 10751]",823609,en,Monster Family 2,"To free Baba Yaga and Renfield from the clutches of Monster Hunter Mila Starr, the Wishbone Family once more transforms into a Vampire, Frankenstein's Monster, a Mummy and a Werewolf. Aided and abetted by their three pet bats, our Monster Family zooms around the world again to save their friends, make new monstrous acquaintances and finally come to the realization that ‘Nobody’s Perfect’ – even those with flaws can find happiness.",13.887,/em2NLSbVj49NjpdqmaKYuqKYZET.jpg,2021-01-13,Monster Family 2,False,5.8,4
False,/atWI8M3VZKJsBwV3ucrPYwXEuuL.jpg,[18],722778,it,È stata la mano di Dio,"Fabietto Schisa, a boy in 1980s Naples whose teenage years are marked by unexpected joys like the arrival of football legend Diego Maradona, and an equally unexpected tragedy. Fate plays its part, joy and tragedy intertwine, and Fabietto’s future is set in motion in a tale of family, sports and cinema, love and loss.",13.449,/kreVxr5moB7K52IGGV1BGAn6nq1.jpg,2021-11-24,The Hand of God,False,0.0,0
False,/vpXeDFxCKmRtVCeWwt7ODOwYDmB.jpg,"[35, 18]",603206,en,Dream Horse,"The inspiring true story of Dream Alliance, an unlikely race horse bred by small town bartender, Jan Vokes. With very little money and no experience, Jan convinces her neighbors to chip in their meager earnings to help raise Dream and compete with the racing elites. Their investment pays off as Dream rises through the ranks and becomes a beacon of hope in their struggling community.",13.408,/eByrTo3s4VQqKGlZwxEPymSfpeA.jpg,2021-05-21,Dream Horse,False,7.1,36
False,/6UxCO59sdhvp43OCkrYx4EX61J.jpg,[18],766798,es,Madres paralelas,"Two unmarried women who have become pregnant by accident and are about to give birth meet in a hospital room: Janis, middle-aged, unrepentant and happy; Ana, a teenager, remorseful and frightened.",13.348,/gDaxYkYNbHuM2VlUazbcpnFZB6d.jpg,2021-10-08,Parallel Mothers,False,6.9,85
False,/1KIWr83GPeO1Z54lndzs2H4OoBe.jpg,"[18, 53]",663260,fr,Boîte noire,"Matthieu is a young and talented black box analyst on a mission to solve the reason behind the deadly crash of a brand new aircraft. Yet, when the case is closed by authorities, Matthieu cannot help but sense there is something wrong with the evidence. As he listens to the tracks again, he starts detecting some seriously disturbing details. Could the tape have been modified? Going against his boss' orders, Matthieu begins his own rogue investigation - an obsessional and dangerous quest for truth that will quickly threatan far more than his career...",13.284,/jIfFFC4YwiI8TVaGtbl1eT9BRaI.jpg,2021-09-08,Black Box,False,7.8,242
False,/dExOC8BRQVaTeFp0XGVTAxPzQHU.jpg,"[9648, 16, 28, 80, 10749, 53]",662638,ja,名探偵コナン 緋色の弾丸,"At the opening ceremony of the WSG (World Sports Games) Tokyo Games, a sports festival held once every four years, it is announced that the world's first vacuum superconducting maglev with a maximum speed of 1,000 kilometers per hour will open. While attracting attention from around the world, top executives of large companies are kidnapped from the party venue where WSG tournament sponsors gather. Conan moves toward a solution and eventually finds a connection with the WSG abduction case that occurred 15 years ago in Boston, USA.",13.236,/fnDNBzt3jIOvA3xnnGXYYHnh0dZ.jpg,2021-04-16,Detective Conan: The Scarlet Bullet,False,7.2,20
False,/98rHjL0XkUo1YUGJtp5qnnKcmnp.jpg,"[878, 53]",728526,en,Encounter,"Two young brothers go on the run with their father, a decorated Marine, who is trying to protect them from an unhuman threat. As the journey takes them in increasingly dangerous and unexpected directions, the boys will need to confront hard truths and leave their childhood behind.",13.011,/m8FbbKowTcud7r1JPz95qFU8z2H.jpg,2021-12-03,Encounter,False,0.0,0
False,/1TWdhXBsi6yIF2LP1ROoCzGXiwk.jpg,"[35, 18, 27]",664574,en,Silent Night,"Nell, Simon, and their boy Art are ready to welcome friends and family for what promises to be a perfect Christmas gathering. Perfect except for one thing: everyone is going to die.",12.761,/2lqB2Vy6WwJdInxggw8tZbn6zJr.jpg,2021-12-02,Silent Night,False,0.0,0
False,/nRYqd191U8hw1nGQIX9QfmpTOUB.jpg,"[9648, 53]",477018,fr,Les Traducteurs,"Nine translators, hired to translate the eagerly awaited final book of a bestselling trilogy, are confined in a luxurious bunker.",12.377,/8A6qALzfMxgj51ly8KyTCZfXutG.jpg,2019-12-20,The Translators,False,6.7,281
False,/2l8Mcy6MD8MoqYmQIuGcKz63Sra.jpg,[18],660943,es,El olvido que seremos,"Portrays the life of Héctor Abad Gómez, a prominent doctor and human rights activist in the polarized, violent Medellin of the 70s. A family man worried not only for his own children but those of the underprivileged classes as well, his home was imbued with vitality and creativity, the result of an education based on tolerance and love. Nothing could foretell that a terrible cancer would take the life of one of his beloved daughters. Driven by sadness and rage, Héctor devoted himself to the social and political causes of the time. But Medellin's intolerant society would harass him until he was finally silenced.",12.354,/AnFd9DkA3UGhqmEVtPN9rIIJoH7.jpg,2020-08-22,Memories of My Father,False,8.0,76
False,/vr6TqnRLcZACo9htfcmBUcjs2t4.jpg,"[10751, 35]",802217,en,8-Bit Christmas,"In suburban Chicago during the late 1980s, ten-year-old Jake Doyle embarks on a herculean quest to get the latest and greatest video game system for Christmas.",12.233,/wlh2wY2yC2SkwAdjcMRH4oiw04V.jpg,2021-11-25,8-Bit Christmas,False,0.0,0
False,/jqOCty3utHRzDf8BNX5rP6p0UDe.jpg,"[14, 12, 10751]",399363,en,Wendy,"A re-imagining of ""Peter Pan"" from the point of view of Wendy Darling, who finds herself lost on a mysterious island where aging and time have come unglued. She must fight to save her family, her freedom and the joyous spirit of youth.",12.026,/nphsStbtAuJ2IaXtCvDXDwMUF5N.jpg,2020-02-28,Wendy,False,6.1,74
False,/8i1mcfbhpvEsSbcvLD6FTouSHQm.jpg,"[18, 36]",517088,en,Being the Ricardos,Follows Lucille Ball and Desi Arnaz as they face a crisis that could end their careers and another that could end their marriage.,11.999,/oztBLWdRk5gApYmNdADXvXkLT5m.jpg,2021-12-10,Being the Ricardos,False,0.0,0
False,/9BtirwHb53R2cdTZkXvnWTK4BFN.jpg,"[35, 10749, 18]",660120,no,Verdens verste menneske,"Chronicles four years in the life of Julie, a young woman who navigates the troubled waters of her love life and struggles to find her career path, leading her to take a realistic look at who she really is.",11.958,/dRzd9EvRzW2Nsfylq0ROIRG7FbN.jpg,2021-10-13,The Worst Person in the World,False,7.1,59
False,/3Hu2NrLq07sZovInAN5wIaAo8xf.jpg,[10749],805973,en,Christmas at the Ranch,"When Haley Hollis returns to her family ranch to try and save it from closure, she wasn't banking on spending so much time with ranch hand Kate - or falling for her.",11.922,/mewHk6JNHHSVeTJ5DBFrjdtxmUE.jpg,2021-12-01,Christmas at the Ranch,False,0.0,0
False,/8wqzdzPdnXSYUd9UEYLeTJK16EH.jpg,"[28, 18, 53]",862855,zh,峰爆,"The opening of the new tunnel, which took ten years to build, coincided with a series of serious cataclysms. The lives of 160,000 people depend on the actions of two people, a father and a son.",11.506,/9gKfAKiFT5VHbqx5DgPsuUHS2te.jpg,2021-09-11,Cloudy Mountain,False,8.5,2
False,/mcmo8081tivBic8AkJGy5zfRDCc.jpg,"[18, 10749, 35]",416186,fr,Le Redoutable,"In 1967, during the making of “La Chinoise,” film director Jean-Luc Godard falls in love with 19-year-old actress Anne Wiazemsky and marries her.",11.404,/JfAE5Pj1Qqv7Ij5DaUG0QoZC97.jpg,2017-06-24,Godard Mon Amour,False,6.7,252
False,/4jyZfVacXbqC6utoMYM6abiuN5z.jpg,[35],671043,fr,Pourris gâtés,"The billionaire is tired of the whims of his own children and decides to teach them a lesson. He announces to them that he has become bankrupt. Now spoiled teenagers will have to do what they have never done: go to work, learn to love and value life.",11.288,/f7ON6G7gq4TVgMZV0MCIeNTrJaG.jpg,2021-09-15,Spoiled Brats,False,5.4,23
False,/noIJkMbEyTtV80iY5siHggd8Ioi.jpg,"[10751, 16, 35]",453191,fr,Le Grand Méchant Renard et autres contes...,"The misadventures of a young clumsy Fox and a feisty little red Hen.  The Fox, both a little stupid and naïve, tries daily to devour the little Hen, without success. Tired of the repeated humiliation, the Fox is persuaded to steal the Hen’s eggs to raise and then eat. This plan seems perfect, until the moment the chicks hatch…",10.985,/3Nib5a3p2O7yPFSTTNwChp0cnsh.jpg,2017-06-21,The Big Bad Fox and Other Tales,False,7.7,196
False,/4fza1QWpGAoxReiEsnvdFBeMyfX.jpg,"[10749, 18, 35]",286687,ko,화려한 외출,"Korea's most popular song writer Hee-soo (Kim Seon-yeong) runs into a nineteen-year-old boy in the elevator. Hee-soo is inspired by a new song watching him shake at her figure. She starts to tell him about women under the excuse that she's teaching him music. They fall for each other but things get complicated when her life teacher, Joon-ho who taught her about life and music comes back...",10.961,/klTbmrsAxrCUxuYubiYzvPwvdY.jpg,2013-12-05,Love Lesson,False,6.5,16
False,/4xuvAWBN1CAkVfYfjizRxsMNKHR.jpg,"[18, 35]",762904,en,Off the Rails,"Now in their 50’s, three friends recreate an inter-rail journey across Europe, but this time 18-year-old Maddie is taking her mother’s place, fulfilling her dying wish. With lost passports, train strikes and romantic entanglements thrown in their way, they must put old feuds aside to complete the journey within five days and remind themselves that they are still at their peak.",10.921,/2T2QqMlUvWz2uOwoMa1gp4PWUhz.jpg,2021-07-23,Off the Rails,False,6.6,7
False,/uZ4kuVYj53t5kYeOwGhA57rRp69.jpg,"[35, 18]",602334,fr,France,"A celebrity journalist, juggling her busy career and personal life, has her life over-turned by a freak car accident.",10.879,/bXUyiSJmIFpNKmKBD1UWiaUtfBe.jpg,2021-08-25,France,False,4.9,31
False,/5B22eed7ErxFiYAG4Ksb4eLwKNF.jpg,"[12, 16, 35, 10751, 10402]",770254,en,Back to the Outback,"Tired of being locked in a reptile house where humans gawk at them like they are monsters, a ragtag group of Australia’s deadliest creatures plot an escape from their zoo to the Outback, a place where they’ll fit in without being judged.",10.481,/eCz49daWwS0JnJFXEJUBdPddY7D.jpg,2021-12-03,Back to the Outback,False,0.0,0
False,/4ibM9Ux4JB82A53WolGo5QmqWT4.jpg,"[10402, 18]",88036,en,Sparkle,"Musical prodigy, Sparkle struggles to become a star while overcoming issues that are tearing her family apart. From an affluent Detroit area and daughter to a single mother, she tries to balance a new romance with music manager Stix while dealing with the unexpected challenges her new life will bring as she and her two sisters strive to become a dynamic singing group during the Motown-era.",11.552,/8LBmoUihFRMKR0akZgWW9CvAzWe.jpg,2012-08-17,Sparkle,False,6.2,83
False,/xPTefQ4CZpWapxiEsAZsxtidS49.jpg,"[10751, 878]",682075,en,The Adventure of A.R.I.: My Robot Friend,A teenager summons the courage to help a friendly robot known as A.R.I. kidnapped by a ruthless lab director working for a powerful corporation seeking to turn him into a dangerous weapon in order to rule the world.,9.993,/txcjXiyhBvsSFyZtgCHWW7CyIeN.jpg,2021-12-02,The Adventure of A.R.I.: My Robot Friend,False,0.0,0
False,/yxrAG28kXDuKJ7KJkQoj6e0dCcy.jpg,"[18, 36]",655187,eu,Akelarre,"French Basque Country, year 1609. The men of a small fishing village have gone to sea. Judge Rostegui, who has been charged by the king with ridding the country of the devil's wiles, arrests Ana and her friends and accuses them of witchcraft.",9.936,/lyB3yoQbGO3LiCVuSOD2g17Hr6p.jpg,2020-10-02,Coven,False,6.8,173
False,,"[35, 10749]",603661,en,The Hating Game,"Resolving to achieve professional success without compromising her ethics, Lucy embarks on a ruthless game of one-upmanship against cold and efficient nemesis Joshua, a rivalry that is complicated by her growing attraction to him.",9.916,/prbZxJxGcy07y60eq8lCGMciTYz.jpg,2021-12-10,The Hating Game,False,0.0,0
False,/yagbyodmRIzHOhyRnceeOSYYPe4.jpg,"[80, 18, 53]",693827,en,Lansky,"When the aging Meyer Lansky is investigated one last time by the Feds who suspect he has stashed away millions of dollars over half a century, the retired gangster spins a dizzying tale, revealing the untold truth about his life as the notorious boss of Murder Inc. and the National Crime Syndicate.",9.783,/weNMzi7WXuzoml2Wvm1VMEE7Ipq.jpg,2021-06-24,Lansky,False,6.3,36
False,/xoTxAxzloyUvDK2DKhGb9iSyBRe.jpg,"[16, 14, 28, 12]",795607,zh,白蛇2：青蛇劫起,"While trying to free her sister from Fahai's clutches, Xiao Qing/Verta winds up in a dystopian city and meets a mysterious man who can't recall his past lives.  The sequel to Light Chaser's animated film about the legend of the White Snake.",9.682,/1j0KEGm2fSihFwl1sgM5mu2XE3S.jpg,2021-07-23,White Snake II: The Tribulation of the Green Snake,False,7.2,6
False,,"[28, 53]",683311,en,Castle Falls,"Rival gangs seek out millions of dollars hidden inside a luxury condominium that's scheduled to be demolished, but first they have to deal with the janitor who found the loot first.",9.665,/w5UlXXlDOCqVCqGV95coNfUntmz.jpg,2021-12-03,Castle Falls,False,0.0,0
False,/nJiQjs1hrDgLi7vxgNYIWdswb4U.jpg,"[10770, 35, 10749]",874166,en,Christmas at Castle Hart,"Brooke Bennett goes to Ireland for Christmas to search for her Irish roots. While there, she meets Aiden Hart, Earl of Glaslough. Mistaken for an elite event planner, she’s hired to host his castle’s epic Christmas party.",9.589,/4eEtTYYgXjcBa76jRZQAe3xfbuo.jpg,2021-11-27,Christmas at Castle Hart,False,0.0,0
False,/r4VQbiydjDH7ULo1HWjkkrNt3da.jpg,"[18, 10749, 80]",511809,en,West Side Story,"Two youngsters from rival New York City gangs fall in love, but tensions between their respective friends build toward tragedy.",9.133,/myAX5qoD6YVLNGiWpk2wcU66Vfq.jpg,2021-12-08,West Side Story,False,0.0,0
False,/oKL8y3MoXtsEMVo2MlPiUaAHWJz.jpg,"[12, 35, 28]",604563,fr,OSS 117 : Alerte rouge en Afrique noire,The third entry in secret agent OSS 117's parodic spy adventures.,9.073,/6J0F1q9cJstqHbtaoS9nTQ4oCbx.jpg,2021-08-04,OSS 117: From Africa with Love,False,5.8,250
False,/pRP7eMeM2cx5TIavbzRVSH1NgkR.jpg,"[18, 28, 80, 53]",583794,fa,متری شش و نیم,"The police are after a drug lord named Naser Khakzad, but when they finally manage to catch him, he tries whatever he can think of to escape and save his family.",9.006,/igIXukVPWYpT0lCCcSz92uMvXLZ.jpg,2019-03-17,Just 6.5,False,7.8,79
False,,[18],823425,en,National Champions,"A star quarterback ignites a players’ strike hours before the biggest game of the year in order to fight for fair compensation, equality, and respect for the athletes who put their bodies and health on the line for their schools.",8.954,/6YhSB00YPXtwDpVgQsX6FCe9F6J.jpg,2021-12-10,National Champions,False,0.0,0
False,/2P7pGVJ5dGixxdmUyUvQBdkJNKR.jpg,"[28, 53]",779057,en,The Survivalist,"A year and a half after the fall of civilization from a virus outbreak, a former FBI agent is forced to protect a young woman, who is immune to the disease, from a dangerous gang hunting her led by a psychopath who believes he’s going to use her to save the world.",8.911,/x7XhPGGtT8eIJnBuWoiB2TxjE9D.jpg,2021-12-02,The Survivalist,False,0.0,0
False,/xlNSa2IvP1CAvcAjdalxn1Ylpdk.jpg,"[36, 18]",686548,en,Son of the South,"Based on a true story, Bob Zellner, grandson of a Klansman, comes of age in the Deep South and eventually joins the Civil Rights Movement.",8.775,/3LExC6FEHKkHdeb7z3W0ncU2CKY.jpg,2021-02-05,Son of the South,False,7.1,46
False,/wSCygJhMGT7cErw2MpbQ6ACohTl.jpg,[18],728142,en,Nowhere Special,"John, a 35-year-old window cleaner, has dedicated his life to bringing up his 4-year-old son, Michael, after the child's mother left them soon after giving birth. When John is given only a few months left to live, he attempts to find a new, perfect family for Michael, determined to shield him from the terrible reality of the situation.",8.742,/84Fft28dlLSpAHCLKWaGW3V2SHg.jpg,2021-07-16,Nowhere Special,False,7.4,17
False,/o7IAngTmIqEVnpurPaqpo9Vj3uX.jpg,"[28, 53]",718949,en,Deadlock,"Mack is a former soldier who, after the war, moved to a town with a nuclear power plant, where nearly everybody works. Life is peaceful for him there, until a gang of mercenaries led by Ron storm the reactor and take everybody hostage, including a group of children on a school trip. Now Mack is in a race against the clock and must use his military training to defeat Ron before he puts the reactor into meltdown. Along the way he discovers Ron’s motive, which unravels a greater secret Mack’s town is hiding.",8.499,/icTNXnpK79VLYwcNV8hmZi8nBRz.jpg,2021-12-03,Deadlock,False,0.0,0
False,,"[18, 35]",501841,en,A Journal for Jordan,"Chronicles Pulitzer Prize-winning journalist Dana Canedy's relationship with a soldier named Charles Monroe King. Deployed overseas in combat zones, he began writing a journal full of life lessons for their newborn son Jordan.",8.452,/op0tOXuuMr9vk9HGYpHlaMX3KkO.jpg,2021-12-10,A Journal for Jordan,False,0.0,0
False,/zF2GPfgXKhaqTSLqIrEkQ6jxMLa.jpg,"[18, 27]",804755,en,Agnes,"Rumors of demonic possession at a religious convent prompts a church investigation into the strange goings-on among its nuns. A disaffected priest and his neophyte are confronted with temptation, bloodshed and a crisis of faith.",8.415,/rZXlHmIKGULhV4UST72RcNV6FqF.jpg,2021-12-10,Agnes,False,0.0,0
False,,"[27, 53]",676547,en,The Devil's Light,"Sister Ann is a restless 25-year-old who devoutly believes that performing exorcisms is her calling. But she is at odds with the institution's traditions: nuns are not allowed to perform exorcisms, only priests. With the support of a mentor, a professor who senses her special gift, she is allowed to observe actual training sessions. Her desire to prove herself takes a personal turn when she meets one of the school's most disturbed patients. During their harrowing encounters, Sister Ann comes face to face with a demonic force that infests the school and has mysterious ties to her own past. It is then that the power of evil and her own startling abilities are fully realized.",8.29,/se0ucjFoQhYIfWQZqMx22dV0tA.jpg,2021-12-02,The Devil's Light,False,0.0,0
False,/3Vo3UT8cTa6lVgrFAT8B86FXblu.jpg,"[53, 80]",835112,en,Ted Bundy: American Boogeyman,"Set in a gritty and decadent 1970s America, American Boogeyman follows the elusive and charming killer and the manhunt that brought him to justice involving the detective and the FBI rookie who coined the phrase ‘serial killer’.",8.127,/1MGcMWgxYPFrBMjIAHcQqmsOIGS.jpg,2021-08-16,Ted Bundy: American Boogeyman,False,5.7,11
False,,[99],843857,en,Being Black in Porn,Being Black in Porn follows the lives of four gay men of color as they navigate their way in the competitive and often complicated adult film industry.,7.846,/7QC9t4fze5f86yAXbC1pV8kasZq.jpg,2021-12-01,Being Black in Porn,False,0.0,0
False,/kryYpNFiYyPUVC7SXrHk2pjRj4y.jpg,"[53, 27]",797946,en,The Djinn,A mute boy is trapped in his apartment with a sinister monster when he makes a wish to fulfill his heart’s greatest desire.,7.808,/thin7heIyFZp86hNNlPfyNINGNy.jpg,2021-05-14,The Djinn,False,6.2,71
False,/u26vgUZnG6BNZQtPpvhOVAmT8vj.jpg,"[28, 18, 37, 12]",729577,en,The Last Son,"Set in the late 19th cen­tu­ry, mur­der­ous out­law Isaac LeMay learns from a sooth­say­er that he is cursed by a ter­ri­ble prophe­cy: he will be killed by one of his chil­dren. To pre­vent his own death, he tracks down his spawn, whose blood­lines are con­firmed by a hered­i­tary birth­mark. Despite hav­ing boun­ty hunters and the enig­mat­ic sher­iff Solomon on his tail, LeMay even­tu­al­ly finds his son Cal, who himself is on a mur­der­ing rampage…",7.797,/2rJWB4Vhez6RQvnrlTCIAZKtNC9.jpg,2021-12-10,The Last Son,False,0.0,0
False,,"[10752, 18, 36]",597859,ru,Лётчик,"December of 1941, Northwestern Front. A German tank column is moving towards Moscow. During a mission to stop the enemy advance, Nikolai Komlev's IL-2 is shot down. Komlev manages to crash-land his plane in a remote forest clearing. He's alive, but far from friendly territory. Ahead of him is a relentless trial of severe physical and mental endurance. After battling hunger and extreme cold, evading packs of wolves and detachments of Nazi soldiers, the wounded Komlev finally makes it back to safety. But there he faces another challenge, the most life-changing of them all.",7.794,/msKnqw1OMiJnQQ7rOFh8Syglxfm.jpg,2021-12-02,The Pilot: A Battle for Survival,False,0.0,0
False,/5nxDn3mrdmeUHJOZi1Wfqya8Vji.jpg,[99],696109,en,A Glitch in the Matrix,"Are we in fact living in a simulation? This is the question postulated, wrestled with, and ultimately argued for through archival footage, compelling interviews with real people shrouded in digital avatars, and a collection of cases from some of our most iconoclastic figures in contemporary culture.",7.596,/bn0BLVadmvzq6MmJ0n97MLxGpNQ.jpg,2021-02-05,A Glitch in the Matrix,False,5.3,18
False,/ymtwNtiuZwbYa1Vetp68VOGgrw3.jpg,"[35, 18, 10749]",256,fr,Antoine et Colette,"Now aged 17, Antoine Doinel works in a factory which makes records. At a music concert, he meets a girl his own age, Colette, and falls in love with her. Later, Antoine goes to extraordinary lengths to please his new girlfriend and her parents, but Colette still only regards him as a casual friend. First segment of “Love at Twenty” (1962).",6.632,/nfP8J7pv75KOAliIM3RG7h6Zos5.jpg,1962-06-22,Antoine and Colette,False,7.3,156
False,,"[10749, 18]",667642,en,Beauty,"The story of Beauty, an up-and-coming young singer with a glamorous career ahead of her, and Jasmine, a butch queer woman who falls for her best friend, Beauty.",7.521,/ddye60HbMpRNv8HO99wDbYVcS9t.jpg,2021-12-01,Beauty,False,0.0,0
False,/18diCYWCxODOpeJNV89hoPyobxj.jpg,"[18, 35, 10402]",498402,fr,Aline,The life story of Canadian singing sensation Céline Dion.,7.471,/gYbB8naXFVUB9KX7efy6HrFrWIU.jpg,2020-11-19,Aline,False,7.5,38
False,/7dAVgA0rWtYcUL7ZT0gfaaoUxCX.jpg,"[36, 10752, 28]",617405,ml,മരക്കാർ - അറബിക്കടലിൻ്റെ സിംഹം,"‘Marakkar Lion of the Arabian Sea’ portrays the courageous life-events of a rebellious naval chief, Kunjali Marakkar the fourth, who fought against the Portuguese in the ancient times. He was the fourth naval chief of the Calicut Zamorin. The film revolves around him who was also the first Indian Naval Commander and Indian freedom fighter for the war against the Portuguese. He is said to have won 16 such battles with his impeccable strategies and fighting skills.",7.279,/odzk31cAAqD7A2MGtm4Hply9H3c.jpg,2021-12-02,Marakkar - Arabikadalinte Simham,False,0.0,0
False,/203c2W9UIyMA5BcDtLltzQlgvum.jpg,"[18, 9648, 53]",673121,en,Wolf,"Jacob, a man who believes he is a wolf trapped in a human body, is sent to a clinic by his family where he is forced to undergo increasingly extreme forms of ""curative"" therapies at the hands of The Zookeeper. Jacob’s only solace is the enigmatic wildcat with whom he roams the hospital in the dead of night. The two form an improbable friendship that develops into infatuation.",7.192,/tuUfHqQNzwX2g1puBSnYi8TGTIV.jpg,2021-12-03,Wolf,False,0.0,0
False,/ouUJ3kTMf5FyOTiiz90r9fCW6HA.jpg,"[10402, 18]",528761,en,Coda,A famous pianist at the twilight of his career meets a free-spirited music critic who soon becomes his rock as his mental state deteriorates.,7.182,/v8w80VLACr7wz97dlGK8GvNIGbP.jpg,2020-01-31,Coda,False,6.6,41
False,/38kDsS0ASb72tWIgCqAZLBl7Vy8.jpg,[27],530156,en,Hurt,Masks in horror conceal actors faces. Everyday masks conceal the disturbing undercurrent of those fighting inner demons.,7.106,/1neKx9MmI9BztoY7PmDwKs2EIHl.jpg,2021-12-10,Hurt,False,0.0,0
False,/1eKFWBEGYfAvcMf4Lr8SvmOjaXP.jpg,"[80, 53]",624481,en,The Birthday Cake,"On the 10th anniversary of his father's death, Giovanni reluctantly accepts the task of bringing a cake to the home of his uncle, a mob boss, for a celebration. Just two hours into the night, Gio's life is forever changed.",6.983,/kI3lTv3f24Fzl2kD0sYVCvCOZh2.jpg,2021-06-18,The Birthday Cake,False,6.0,19
False,/lRFAjHmx5foEU89AaTxj7Ppjvr2.jpg,[18],719463,fr,Haute couture,"Esther is at the end of her career as Head Seamstress at Dior Avenue Montaigne workshop. One day, she gets her handbag stolen in the metro by a 20 years old girl, Jade. Instead of calling the police she decides to take care of Jade. She sees in her the opportunity to pass on her skills, the craft of dressmaking, her only wealth. In the frenetic world of Haute Couture, Esther will give Jade la beauté du geste, a way to reach beyond herself.",6.956,/e7tSj5QIQd2tpd5nh1uO8Cnf9O.jpg,2021-11-10,Haute Couture,False,6.7,9
False,/hvpr2cVsDOhUGXae1z070ap4QsQ.jpg,"[16, 36, 18, 14, 10752]",426242,en,Where Is Anne Frank,"The film follows the journey of Kitty, the imaginary friend to whom Anne Frank dedicated her diary. A fiery teenager, Kitty wakes up in the near future in Anne Frank's house in Amsterdam and embarks on a journey to find Anne, who she believes is still alive, in today's Europe. While the young girl is shocked by the modern world, she also comes across Anne's legacy.",6.946,/fqbjMRww952hOuVKS0QDDEeiSYs.jpg,2021-11-25,Where Is Anne Frank,False,0.0,0
False,/5oC3Q3RfPDAp9qiLGuZt3XQLgWA.jpg,"[18, 35]",763329,en,Red Rocket,"Finding himself down and out in Los Angeles, ex porn star Mikey Saber decides to crawl back to his hometown of Texas City, Texas, where his estranged wife and mother-in-law are living. Just as this dysfunctional family seems to be making things work, Mikey meets a young woman named Strawberry working the cash register at a local doughnut shop.",6.88,/345gLhiNpItU1ICx8OxJQwjgPmH.jpg,2021-12-03,Red Rocket,False,0.0,0
False,,[99],776528,en,Try Harder!,"In a universe where cool kids are nerds, the orchestra is world class and being Asian American is the norm, seniors at Lowell High School compete for the top prize: admission to the college of their dreams.",6.862,/aTDoKQ2fvBrOkpyud7dh8tAiRl1.jpg,2021-12-03,Try Harder!,False,0.0,0
False,/4cKsnfHx3BYtQJ8SdPj8uPUB7Np.jpg,"[10770, 35, 10749]",866665,en,Sister Swap: A Hometown Holiday,"Jennifer and Meg Swift are two sisters who are very close despite living far apart. Jennifer is in Salt Lake City, running a successful restaurant she started with her late husband and raising her teenaged son Simon, Meg stayed in their hometown of Hazelwood, helping their parents run the local bakery.",6.855,/zb7fvRXVsDneU11NkTWE1suvX3h.jpg,2021-12-05,Sister Swap: A Hometown Holiday,False,0.0,0
False,,[99],850990,en,Citizen Ashe,Follows the life and career of Arthur Ashe.,6.547,/nBegDeS2U3gRmoMtYBbkWjnDvlN.jpg,2021-12-03,Citizen Ashe,False,0.0,0
False,/rbl7dClRrNpjKHexIfVJHq6XuS8.jpg,[10402],882338,en,Anything Goes,"When the S.S. American heads out to sea, etiquette and convention head out the portholes as two unlikely pairs set off on the course to true love... proving that sometimes destiny needs a little help from a crew of singing sailors, a comical disguise and some good old-fashioned blackmail. This hilarious musical romp across the Atlantic, directed by the multi-award-winning Broadway director and choreographer Kathleen Marshall, features Cole Porter’s joyful score, including ""I Get A Kick Out of You,"" ""You’re the Top"" and the show-stopping ""Anything Goes.""",6.492,/kd6GV0ca2tmut0FAPgXAP4OEpPy.jpg,2021-11-28,Anything Goes,False,0.0,0
False,/iGwtwBNVn8xSQDzQ6kFkWAaog6g.jpg,"[35, 53]",735812,en,Death of a Telemarketer,A smooth-talking telemarketer finds himself at the mercy of the man he tried to swindle.,6.47,/shp21GCcILK1Y4O5YJ8p76ae62m.jpg,2021-12-03,Death of a Telemarketer,False,0.0,0
False,/2MwBq0bIbwGI2do1EJhbjde8qlR.jpg,[27],800198,en,Know Fear,"After discovering an ancient book of the occult, a family activates a dangerous ritual forcing each of them to communicate with and fight a demonic force in their own unique way: to see it, hear it or speak to it.",6.467,/cqjEnkzQro5Mb0nBPLkYv3uW3dq.jpg,2021-12-09,Know Fear,False,0.0,0
False,/38EV3myJiFtfXdAjMciX0SNSFU5.jpg,"[35, 18, 10749]",807927,en,The End of Us,"After a savage breakup, two exes must continue living together when California issues its stay-at-home order for COVID-19. Now they'll try to move on without moving out.",6.461,/62NjGuj8qmyAJdGMiWPighd0EPw.jpg,2021-12-03,The End of Us,False,0.0,0
False,/nyrKuuvydxq04JN4OsdhVNLiWi2.jpg,"[99, 53]",680058,en,The Rescue,Follows the rescue of a Thai soccer team trapped in a cave for 16 days.,6.177,/gsUFkojEseXhCQHdLWkgwHXUYdJ.jpg,2021-10-08,The Rescue,False,10.0,1
False,/lan48NgJQEns4ZDVtwwCV45bC1t.jpg,"[12, 18, 36]",43011,en,Sodom and Gomorrah,"Sex, torture and betrayal in Biblical Sodom and Gomorrah. Lot, leader of the Hebrews, believes his people can co-exist with the Sodomites, a disastrous decision.",4.95,/7aecIPGBoKB7FTVZ41WvdIY2mdU.jpg,1962-01-01,Sodom and Gomorrah,False,4.9,18
False,/jEV1gWvdBhwLm9IL8vXVYs6kIM5.jpg,"[28, 12, 878]",39410,ja,モスラ,"Shipwreck survivors found on the presumably uninhabited Infant Island leads to a scientific expedition that discovers a surviving native population along with the Shobijin, tiny twin fairy priestesses of the island's mythical deity called Mothra. After the fairies are kidnapped by an exploitative businessman named Clark Nelson, Mothra sets out to rescue them.",6.908,/87hiAyyGFHPuuJ3iXHK8xZSMcRP.jpg,1961-07-30,Mothra,False,7.2,113
False,,[28],455223,en,Kickboxer: Armageddon,The final movie in the Kickboxer trilogy about Kurt Sloane.,5.96,/zzieYxtIbws8oA0DEwiP9dXVM7T.jpg,2021-12-09,Kickboxer: Armageddon,False,0.0,0
False,,"[10402, 16]",894214,en,Song Machine Live From Kong,"The set features songs from the Song Machine project, along with some revered classics from the group’s back catalogue. The full Gorillaz live band, plus a choice selection of featured artists, showcasing their first live performance since 2018. This special presentation also features a pre-show programme and exclusive behind-the-scenes footage.",5.955,/zJf0BWYs6DmVa7qQfmSDAPRKlPY.jpg,2021-12-08,Song Machine Live From Kong,False,0.0,0
False,/aFSxYUKzcP5GColgOPhiRNMH4Wu.jpg,[18],667935,fa,شیطان وجود ندارد,"Every country that enforces the death penalty needs people to kill other people. Four men are put in front of an unthinkable but simple choice. Whatever they decide, it will directly or indirectly corrode them selves, their relationships, and their entire lives.",5.903,/AmMUP11ZWRqR08DmyigNmbG8Sit.jpg,2020-10-22,There Is No Evil,False,7.7,22
False,/vASzVrwTSL98EO4KfUMrm50dHVr.jpg,"[18, 14, 10749]",737671,id,Akhirat: A Love Story,"Timur, a young accountant who falls in love with a woman named Mentari. Even though the two have differences, Timur and Mentari remain firm together.",5.873,/vd8R2uv6MnORHmoqoegilZBioKs.jpg,2021-12-02,Akhirat: A Love Story,False,0.0,0
False,/j0AEXlvTMjLdaVO27VA4vsioawe.jpg,[35],613335,fr,Les Tuche 4,"After having resigned from his post as President of the Republic, Jeff and his family are happy to be back in their village of Bouzolles. As the end of the year holidays approach, Cathy asks for a unique gift: to reconnect with her sister Maguy, and her husband Jean-Yves, with whom Jeff has been angry for 10 years. The reconciliation could have gone smoothly, except that during a lunch, Jeff and Jean-Yves, will once again find a subject of contention: CHRISTMAS. This family feud, which should never have left Bouzolles, will turn into a standoff between Jeff and a giant of Internet distribution.",5.858,/dv60Gev15GBYSHJrIzl1iE2dkew.jpg,2021-12-08,Les Tuche 4,False,0.0,0
False,/53IDXoAiQnfq07iNITHVAhZrbKU.jpg,"[35, 80]",588099,ru,БУМЕРанг,"A wealthy pharmaceutical business owner, Edik is used to managing and controlling. But fate brings him an unexpected surprise. The unemployed artist Petrovich, who decided to say goodbye to life, falls from the roof of a skyscraper onto a brand new expensive businessman’s car. Is the miserable life of a loser worth that kind of money? Moreover, he will never be able to return them. But debt must be received at all costs, for Edik it is a matter of principle, forgiving others is not in his rules. Edik decides that Petrovich will work for him for free, he has every right to do so, because he is a real master of life. Or does he only think so, and everything can change at any second and turn over exactly the opposite?",5.793,/3Vv1Xe5VCFKEYmUK3VVgGQnv4VE.jpg,2021-12-02,Boomerang,False,0.0,0
False,/g1xh1WTGngxrqKcfhtioLuYKryX.jpg,[18],712178,fr,Gagarine,"Yuri, 16, has lived all his life in Gagarin Towers, a vast red-brick housing project on the outskirts of Paris. He dreams of becoming an astronaut. When plans to demolish Gagarin Towers leak out, Yuri joins the resistance.  With his friends Diana and Houssam, he embarks on a mission to save their home, which has become his “starship.”",5.692,/g7wfTiqza28FqUlKGaGqvlXhTDX.jpg,2020-11-11,Gagarine,False,6.7,34
False,,"[80, 28]",893297,en,American Sicario,"The story of the rise and fall of the first American-born drug lord in Mexico, this tale of power, money, greed and betrayal amongst rival members of the drug cartels finds American gangster Erik Vasquez scheming to become the top dog in the Mexican underworld, only to find himself making enemies out of both the powerful cartels and his own allies.",5.615,/pJzhOvoVuPYi6clQonh2cuYWyAN.jpg,2021-12-10,American Sicario,False,0.0,0
False,/b5KG17zlqMupml1AET1Ba3xgro0.jpg,"[16, 12, 9648]",712454,fr,Le Sommet des dieux,A photojournalist’s obsessive quest for the truth about the first expedition to Mt. Everest leads him to search for an esteemed climber who went missing.,5.603,/iowz7MwaTWMYlfLUE6GeM0m3Hze.jpg,2021-09-22,The Summit of the Gods,False,7.8,39
False,/lWbcNs42ngAGXotEAtXzF85qI83.jpg,"[10749, 35]",790523,it,Ancora più bello,"After breaking up with her dreamboat, Marta finds love with an artist. But life throws a few twists into the mix for the ailing woman and her friends.",5.564,/7qqaKfsvoizYybHoNu9GCW2vO3i.jpg,2021-09-16,Still Out of My League,False,5.6,33
False,,[18],846198,fr,Tom Medina,"Tom Medina is sent by a juvenile judge to the Camargue, to live with Ulysses, a kind-hearted man in tune with nature. Inhabited by visions, fascinated by bulls and horses, Tom learns the trade of a herdsman at Ulysses’ side. He no longer steals and now thirsts for knowledge and aspires to become someone else. Revolted by the hostility which does not change towards him, he fights against his destiny and crosses the road of Suzanne…",5.415,/jfNHjCkInsJJzAM19p24xbPxv8b.jpg,2021-08-04,Tom Medina,False,5.0,2
False,/zBglaNoLaMTHuGYPp16Tr6WRIXQ.jpg,"[10749, 35]",768232,en,Boxing Day,"Melvin, a British author living in America, returns home to London for Christmas to introduce his American fiancée Lisa to his eccentric British-Caribbean family. Their relationship is put to the test as she discovers the world her fiancé has left behind.",5.398,/yIxUIMwtre6aoWmje3eRgjKQAKa.jpg,2021-12-03,Boxing Day,False,0.0,0
False,,"[35, 18, 10751]",826241,es,La familia perfecta,"Lucía (Belén Rueda) is a woman for whom leading a model life and taking control of her life is the most important thing. Since she got married, she has focused all of her efforts on caring for her family, until achieving what for her is a perfect family. However, her entire world begins to collapse with the arrival of Sara (Carolina Yuste), the girlfriend of her son; a young girl with great freedom and without mincing words who has a very different family from what Lucia always dreamed of as a political family. Now, Lucia must accept that the perfect family was not exactly what she thought.",5.372,/rvSkUeFusM34rz0jkvWP4sJAPS0.jpg,2021-12-03,La familia perfecta,False,0.0,0
False,/3E7SmCwoSbpBn7cfp10hQjsGk2U.jpg,[18],608980,it,Tre piani,Follows the lives of three families who live in a three-story building in a Roman neighbourhood.,5.366,/A8PPsV9kD7zXQ3KMB5eHp2sveOE.jpg,2021-09-23,Three Floors,False,6.3,68
False,/sgFerVcIGeqCNFqsNIokHw503sq.jpg,[99],653762,it,The Truffle Hunters,"In the secret forests of Northern Italy, a dwindling group of joyful old men and their faithful dogs search for the world’s most expensive ingredient, the white Alba truffle. Their stories form a real-life fairy tale that celebrates human passion in a fragile land that seems forgotten in time.",5.363,/intmVeOMY0BfpvaqCWOKY8eTLLI.jpg,2020-12-25,The Truffle Hunters,False,7.9,13
False,/nE2VnpDhlfG9NXhuzs4yFHilUSU.jpg,"[80, 18, 53]",656991,en,Wild Indian,"Decades after covering up his classmate’s murder, Michael has moved on from his reservation and fractured past. When a man who shares his violent secret seeks vengeance, Michael goes to great lengths to protect his new life with his wife and boss from the demons of his past.",5.362,/yhOpkNvgW1ZzmEpR4iqxKwKKShL.jpg,2021-09-03,Wild Indian,False,6.3,5
False,/om7kEKgRx6q58Ogt1xzr8Av6Sar.jpg,"[35, 10749]",896502,en,Funny Thing About Love,"Samantha Banks is a successful businesswoman with a handsome fiancée. But over one crazy Thanksgiving Holiday with her scheming family, her whole world is thrown into a tailspin when they invite her ex-boyfriend, ""the one that got away"".",5.327,/ahEYD5Yn1Kr1xE4BI23VVApTCGu.jpg,2021-12-03,Funny Thing About Love,False,0.0,0
False,/4arosFsAEZIDpzZhkm6q1yxYi2f.jpg,[18],674255,id,"Seperti Dendam, Rindu Harus Dibayar Tuntas","Ajo Kawir is a fighter who fears nothing, not even death. His raging urge to fight is driven by a secret: his impotence. When he crosses paths with a tough female fighter named Iteung, Ajo gets beaten black and blue, but he also falls head over heels in love. Will Ajo’s path lead him to a happy life with Iteung, and, eventually, his own peace of mind?",5.107,/t3I0rpfGacjT18ZvhQ0krObrSAQ.jpg,2021-12-02,"Vengeance Is Mine, All Others Pay Cash",False,0.0,0
False,/lLbZbIIx8HLuqtJgSD07HmoKvgZ.jpg,"[27, 53]",762079,fr,Le Calendrier,"Eva, an ex-dancer, is now living in a wheelchair, unable to walk. When her friend Sophie gives her an old wooden antique advent calendar before Christmas, she realizes each window contains a surprise that triggers repercussions in real life: some of them good, but most of them bad... Now Eva will have to choose between getting rid of the calendar or walking again… even if it causes death around her.",5.072,/2QTMyYVsZqU8aYd0SbDufJDY5A1.jpg,2021-12-01,The Advent Calendar,False,0.0,0
False,/4OaXc8B3LhUverCnSq5UgOy8W2h.jpg,[],779775,sv,Sagan om Karl-Bertil Jonssons julafton,,4.997,/mrv61npArFQe3QM6tovADOBTeOn.jpg,2021-11-12,Sagan om Karl-Bertil Jonssons julafton,False,0.0,0
False,/2VsrxMfGGXxFEyZlNh3kZNM37uT.jpg,"[53, 80]",823216,en,Red Stone,"With one bullet, Motley’s life spirals out of control as he’s forced to go on the run from the ruthless crime lord, Jed Haywood. The brother of Haywood's best friend Boons recently died in a terrible car accident and today is the funeral. He has 10 hours to bring Motley in and get to the cemetery. Over the course of a day, Motley and Boon play a game of cat and mouse as their fate brings them together for a climatic showdown.",4.949,/qQ77Uk77bCVR5d1ZvfPSag6qIIp.jpg,2021-12-03,Red Stone,False,0.0,0
False,,"[35, 18]",843477,en,Maybe Someday,"In the midst of separating from her wife, Jay attempts to move across the country to start her life over again. She stops in the middle to stay with her high school best friend who she used to be secretly in love with, and befriends a charismatic gay man who has long given up on love. Struggling to move forward with the next chapter of her life, memories of the past resurface as Jay grapples with the inevitable cycles of love, loss, and everything in between.",4.944,,2021-12-01,Maybe Someday,False,0.0,0
False,/md5KiBEC3D9vszDka53uroJT9ak.jpg,"[10402, 18]",579400,en,Stardust,"David Bowie went to America for the first time to promote his third album, The Man Who Sold the World. There, he embarked on a coast-to-coast publicity tour. During this tour, Bowie came up with the idea of his iconic Ziggy Stardust character, inspired by artists like Iggy Pop and Lou Reed.",4.887,/woOQx1s4mNVAprRpky3ntRgdlf4.jpg,2020-12-04,Stardust,False,3.1,15
False,/vOwYumTlCZCRRzquAanPQUzfZIk.jpg,"[12, 16, 35, 10751, 14]",676705,fr,Pil,"Pil, a little vagabond girl, lives on the streets of the medieval city of Roc-en-Brume, along with her three tame weasels. She survives of food stolen from the castle of the sinister Regent Tristain. One day, to escape his guards, Pil disguises herself as a princess. Thus she embarks upon a mad, delirious adventure, together with Crobar, a big clumsy guard who thinks she's a noble, and Rigolin, a young crackpot jester. Pil is going to have to save Roland, rightful heir to the throne under the curse of a spell. This adventure will turn the entire kingdom upside down, and teach Pil that nobility can be found in all of us.",4.885,/mRblB0JaUEC9OZSu3yMyJ1CSSux.jpg,2021-08-11,The Adventures of Pil,False,0.0,0
False,/zYSCmxEG8rc4GDlAtgIwKtbs8uE.jpg,"[37, 28, 53]",887767,en,Last Shoot Out,"Soon after a newlywed learns that her husband had her father shot down, she flees from the Callahan ranch in fear. She's rescued by a gunman who safeguards her at a remote outpost as he staves off her husband's attempts to reclaim his bride.",4.768,/37Ue6R1FJEeN3WMM5foCaKU3XCs.jpg,2021-12-03,Last Shoot Out,False,0.0,0
False,,[35],698583,it,Chi ha incastrato Babbo Natale?,,4.76,/ld1RRJTzFRoFwC5v6hRJnpEZJuV.jpg,2021-12-01,Chi ha incastrato Babbo Natale?,False,0.0,0
False,/g6SsWJWuGUyr5BY29D4BnwHEc9N.jpg,"[35, 10749]",768127,fr,Les fantasmes,"Faced with their fantasies, six couples try to explore the hidden sides of their intimate life. Six questions on access to pleasure. From role play to abstinence, via exhibition, six separate stories with the same questioning of desire today in the center.",4.753,/xxFPvSMYSPMysazRXzzhEoZ21vO.jpg,2021-11-05,Fantasies,False,2.0,1
False,/iZL4B6MOG9hxu0aVGpNeInrDsqR.jpg,"[18, 35]",726151,pl,Śniegu już nigdy nie będzie,"Zenia is an industrious Ukrainian migrant worker in Poland who makes house calls as a masseur to the needy and aspirational residents of a middle-class gated community near Warsaw. He is privy to all of their problems, anxieties and secrets – and something of an unwitting guru figure. Zenia’s grounded spirituality, apparent healing powers and broad shoulders make him an object of lust for many of the lost souls in the community.",4.516,/vzp2uKcS7JYwOOFKh022MOamCpK.jpg,2020-10-16,Never Gonna Snow Again,False,6.4,20
False,,[35],777326,ru,Честный развод,"Gena tried all his life to be the support of the family. For this, he even abandoned his stormy youth and dreams of becoming a KVN star. And when, 25 years later, his wife called him boring and offered to divorce, Gena decides to make up for lost time - fill his life with adventure and go to the KVN festival in Sochi. And a new acquaintance pushes him to this journey - a beautiful girl of very easy virtue. She is sure that the talented Gena will quickly become a star of humor with her help. If it doesn't disappear even faster, along with a decent amount from Genya's card.",4.486,/coI3eItLuodSJgQsooJ8GBdMGv7.jpg,2021-12-09,Honest Divorce,False,0.0,0
False,/2dYytiPW123d5tKauPD0qtJig94.jpg,[35],614420,it,10 giorni con Babbo Natale,"Carlo (Fabio De Luigi), Giulia (Valentina Lodovini) and their three children go to Lapland to meet Santa Claus (Diego Abatantuono). Things will not go as planned",4.423,/3c8VdOdolyruux4wKSmrPyM1XRz.jpg,2021-12-09,When Mom Is Away... With the Family,False,0.0,0
False,,"[878, 12, 10751]",881957,nl,Captain Nova,"A fighter pilot travels back in time to save the future world from environmental disaster, but a side-effect turns her young again and no-one takes her seriously.",4.346,/xzomO8VLkvnoudDwwz409OcOQb6.jpg,2021-12-01,Captain Nova,False,0.0,0
False,/yT4NWhy4i5SKSGSmwrflzR2iHyb.jpg,"[99, 16]",680813,da,Flugt,"Amin arrived as an unaccompanied minor in Denmark from Afghanistan. Today, at 36, he is a successful academic and is getting married to his long-time boyfriend. A secret he has been hiding for over 20 years threatens to ruin the life he has built for himself. For the first time he is sharing his story with his close friend.",4.305,/vlMIbqOpYG553J1kOJXA7mwQvE6.jpg,2021-06-17,Flee,False,8.5,7
False,,[],811336,en,The Last Heist,"After a job goes sideways, four thieves bounded by honour meet back at the place it all began, the local boozer.  Drink, drugs, jokes, reminising about old times and even politics, you would think this was a standard night in any South London drinking establishment however beneath the banter lies a dark secret that will test the loyalty of these four friends to the limit to see if there really is honour amougst thieves",4.228,,2021-12-01,The Last Heist,False,0.0,0
False,/tjOGpKpkatfFLJ2JKglslqfpKYI.jpg,"[35, 18]",712152,fr,Un triomphe,"Etienne, an often out of work but endearing actor, runs a theater workshop in a prison, where he brings  together an unlikely troupe of prisoners to stage Samuel Beckett’s famous play Waiting for Godot. When he is allowed to take the colorful band of convicts on a tour outside of prison, Etienne finally has the chance to thrive.",4.228,/p0Nr3XLdvIFEY5B4Pjf74yIO0F7.jpg,2020-08-28,The Big Hit,False,7.5,46
False,/wSlseKhsG5VrL8zRvZG8ckqtsuA.jpg,"[27, 53]",686003,en,The Dinner Party,"A budding playwright and his wife attend a dinner party hosted by wealthy, cultural elites, who have promised to bankroll the writer's latest play to Broadway, but, in fact, have darker designs in mind for the couple.",4.227,/grW6YaFYZgqSoO0DBkKuGC4cgAI.jpg,2020-05-29,The Dinner Party,False,4.5,13
False,/1FHRQQWhWuJoASPLyeXELMkvDpk.jpg,"[16, 12]",576925,ru,Бука. Моё любимое чудище,"A scandal in the royal family: the wayward princess Barbara escaped from the palace and went through the forest in search of a handsome prince. However, instead of the cherished meeting with her beloved, she is captured by Buka, the most dangerous robber of the kingdom. But it quickly becomes clear that the brisk princess is ready to turn Buka's life into a nightmare, just to reach her goal. So the restless Varvara begins to establish her own order in the forest.",4.11,/mrcwgVQ20zlPWxbfeMoSm5iZO29.jpg,2021-10-06,My Sweet Monster,False,0.0,0
False,,[35],714869,fr,Qu'est-ce qu'on a tous fait au Bon Dieu ?,"Claude and Marie Verneuil will soon be celebrating their 40th wedding anniversary. For the occasion, their four daughters - Isabelle, Odile, Ségolène and Laure - decide to organize a big surprise party in their family home in Chinon. They also decide to invite, each, the parents of their respective husbands - Rachid Benassem, David Benichou, Chao Ling and Charles Koffi.",3.952,/eOSL3j39TMNfVtGnCXShd2e3MMD.jpg,2021-12-09,Serial (Bad) Weddings 3,False,0.0,0
False,,[99],895999,en,The Girl in the Fountain,"Alternating archive footage of Anita Ekberg with the story of a quintessential diva as Monica Bellucci who is offered the chance to play Anita in a movie, digging through this woman’s story, she retraces her exceptional life, frailties and chooses, reflecting on what it feels like to be an icon.  What key decisions a contemporary diva faces in order not to fall into oblivion?",3.95,/nR14rrEwEUcSjGh8ZXjAEYNLwqg.jpg,2021-11-29,The Girl in the Fountain,False,0.0,0
False,,[],890368,en,Scene Unseen,"An honest, heartfelt documentary about Singapore’s underground music scene opens a rare window into a slice of Singapore that has largely eluded the public eye.",3.93,,2021-11-28,Scene Unseen,False,0.0,0
False,/mo4U4vHEni7HyyYbt7Fvl2thf7h.jpg,"[16, 18]",658210,ko,태일이,"The story of Jeon Tae-il, a symbolic figure of the Korean labor movement who became a spark of hope for workers' rights.",3.922,/jgfNqGZ4afLiZVHkVxnIRefOVBk.jpg,2021-12-01,Chun Tae-il,False,0.0,0
